Table 1,Unnamed: 1,Unnamed: 2,Unnamed: 3,Unnamed: 4,Unnamed: 5,Unnamed: 6,Unnamed: 7,Unnamed: 8,Unnamed: 9,Unnamed: 10,Unnamed: 11,Unnamed: 12,Unnamed: 13,Unnamed: 14,Unnamed: 15,Unnamed: 16,Unnamed: 17,Unnamed: 18,Unnamed: 19,Unnamed: 20,Unnamed: 21,Unnamed: 0_level_0 Season,Unnamed: 1_level_0 Age,Unnamed: 2_level_0 Team,Unnamed: 3_level_0 Lg,Unnamed: 4_level_0 Pos,Unnamed: 5_level_0 GP,Scoring G,Scoring A,Scoring PTS,Unnamed: 9_level_0 +/-,Unnamed: 10_level_0 PIM,Goals EVG,Goals PPG,Goals SHG,Goals GWG,Assists EV,Assists PP,Assists SH,Shots SOG,Shots SPCT,Shots TSA,Ice Time TOI,Ice Time ATOI,Faceoffs FOW,Faceoffs FOL,Faceoffs FO%,Unnamed: 26_level_0 BLK,Unnamed: 27_level_0 HIT,Unnamed: 28_level_0 TAKE,Unnamed: 29_level_0 GIVE,Unnamed: 30_level_0 Awards,Unnamed: 25_level_0 BLK,Unnamed: 26_level_0 HIT,Unnamed: 27_level_0 TAKE,Unnamed: 28_level_0 GIVE,Unnamed: 29_level_0 Awards,Goalie Stats GP,Goalie Stats GS,Goalie Stats W,Goalie Stats L,Goalie Stats T/O,Goalie Stats GA,Goalie Stats Shots,Goalie Stats SV,Goalie Stats SV%,Goalie Stats GAA,Goalie Stats SO,Goalie Stats MIN,Goalie Stats QS,Goalie Stats QS%,Goalie Stats RBS,Goalie Stats GA%-,Goalie Stats GSAA,Goalie Stats GAA/A,Goalie Stats GPS,Unnamed: 27_level_0 PIM,Unnamed: 28_level_0 Awards,Unnamed: 24_level_0 BLK,Unnamed: 25_level_0 HIT,Unnamed: 26_level_0 TAKE,Unnamed: 27_level_0 GIVE
2020 NHL Draft,,,,,,,,,,,,,,,,,,,,,,,,,,,,,,,,,,,,,,,,,,,,,,,,,,,,,,,,,,,,,,,,,,,,,,,,,,,,,,,,,,
,,,,,,,,,,,,,,,,,,,,,,,,,,,,,,,,,,,,,,,,,,,,,,,,,,,,,,,,,,,,,,,,,,,,,,,,,,,,,,,,,,
CSV:,,,,,,,,,,,,,,,,,,,,,,,,,,,,,,,,,,,,,,,,,,,,,,,,,,,,,,,,,,,,,,,,,,,,,,,,,,,,,,,,,,
,,,,,,,,,,,,,,,,,,,,,,,,,,,,,,,,,,,,,,,,,,,,,,,,,,,,,,,,,,,,,,,,,,,,,,,,,,,,,,,,,,
,Round 1,Round 1,,,,,,NHL Scoring Stats,NHL Scoring Stats,NHL Scoring Stats,NHL Scoring Stats,NHL Scoring Stats,NHL Scoring Stats,NHL Goalie Stats,NHL Goalie Stats,NHL Goalie Stats,NHL Goalie Stats,NHL Goalie Stats,NHL Goalie Stats,,Round 1-additional,,,,,,,,,,,,,,,,,,,,,,,,,,,,,,,,,,,,,,,,,,,,,,,,,,,,,,,,,,,,,
Overall,Team,Player,Nat.,Pos,Age,To,Amateur Team,GP,G,A,PTS,+/-,PIM,GP,W,L,T/O,SV%,GAA,PS,-9999,,,,,,,,,,,,,,,,,,,,,,,,,,,,,,,,,,,,,,,,,,,,,,,,,,,,,,,,,,,,,
1,New York Rangers,Alexis Lafreniere,CA,LW,18,2026,Rimouski Oceanic (QMJHL),408,98,109,207,-11,162,,,,,,,19,lafreal01,NHL 82 Game Avg,NHL 82 Game Avg,NHL 82 Game Avg,NHL 82 Game Avg,,82.0,20.0,22.0,42.0,-2.0,33.0,18.0,2.0,0.0,4.0,20.0,2.0,0.0,148.0,13.3,272.0,1287,15:42,17.0,37.0,32.1,26.0,108.0,34.0,35.0,,,,,,,,,,,,,,,,,,,,,,,,,,,,,,,
2,Los Angeles Kings,Quinton Byfield,CA,C,18,2026,Sudbury Wolves (OHL),286,55,106,161,42,152,,,,,,,15.5,byfiequ01,NHL 82 Game Avg,NHL 82 Game Avg,NHL 82 Game Avg,NHL 82 Game Avg,,82.0,16.0,30.0,46.0,12.0,44.0,12.0,3.0,0.0,3.0,25.0,5.0,0.0,144.0,11.0,289.0,1340,16:21,232.0,297.0,43.8,26.0,69.0,33.0,40.0,,,,,,,,,,,,,,,,,,,,,,,,,,,,,,,
3,Ottawa Senators,Tim Stützle,DE,LW,18,2026,Adler Mannheim (Germany),393,126,224,350,-60,191,,,,,,,33,stuetti02,NHL 82 Game Avg,NHL 82 Game Avg,NHL 82 Game Avg,NHL 82 Game Avg,,82.0,26.0,47.0,73.0,-13.0,40.0,19.0,6.0,1.0,3.0,27.0,20.0,0.0,194.0,13.5,365.0,1602,19:33,201.0,247.0,44.9,46.0,117.0,42.0,68.0,,,,,,,,,,,,,,,,,,,,,,,,,,,,,,,
4,Detroit Red Wings,Lucas Raymond,SE,LW,18,2026,Frolunda HC (Sweden),345,107,176,283,-70,92,,,,,,,26,raymolu01,NHL 82 Game Avg,NHL 82 Game Avg,NHL 82 Game Avg,NHL 82 Game Avg,,82.0,25.0,42.0,67.0,-17.0,22.0,19.0,6.0,0.0,4.0,24.0,17.0,0.0,174.0,14.6,319.0,1482,18:05,5.0,10.0,34.3,27.0,53.0,35.0,46.0,,,,,,,,,,,,,,,,,,,,,,,,,,,,,,,
5,Ottawa Senators,Jake Sanderson,US,D,18,2026,USA U-18 Development Team (USDP/USHL),262,31,117,148,-10,49,,,,,,,23,sandeja01,NHL 82 Game Avg,NHL 82 Game Avg,NHL 82 Game Avg,NHL 82 Game Avg,,82.0,10.0,37.0,46.0,-3.0,15.0,6.0,4.0,0.0,3.0,18.0,18.0,1.0,169.0,5.7,377.0,1914,23:21,0.0,0.0,100.0,155.0,44.0,43.0,82.0,,,,,,,,,,,,,,,,,,,,,,,,,,,,,,,
6,Anaheim Ducks,Jamie Drysdale,CA,D,18,2026,Erie Otters (OHL),242,19,61,80,-96,70,,,,,,,8.1,drysdja01,PHI (3 Yrs),PHI (3 Yrs),PHI (3 Yrs),PHI (3 Yrs),,120.0,11.0,25.0,36.0,-50.0,42.0,8.0,3.0,0.0,2.0,19.0,6.0,0.0,124.0,8.9,352.0,2406:26,20:03,0.0,0.0,,,,,,,162.0,41.0,29.0,97.0,,,,,,,,,,,,,,,,,,,,,,,,,,
7,New Jersey Devils,Alexander Holtz,SE,RW,18,2026,Djurgardens IF (Sweden),171,23,23,46,-31,40,,,,,,,2.5,holtzal01,VEG (2 Yrs),VEG (2 Yrs),VEG (2 Yrs),VEG (2 Yrs),,61.0,4.0,8.0,12.0,-5.0,16.0,3.0,1.0,0.0,0.0,7.0,1.0,0.0,81.0,4.9,162.0,705:47,11:34,3.0,12.0,20.0,18.0,41.0,4.0,39.0,,,,,,,,,,,,,,,,,,,,,,,,,,,,,,,
8,Buffalo Sabres,Jack Quinn,CA,RW,18,2026,Ottawa 67's (OHL),204,45,66,111,-32,43,,,,,,,9,quinnja01,NHL 82 Game Avg,NHL 82 Game Avg,NHL 82 Game Avg,NHL 82 Game Avg,,82.0,18.0,27.0,45.0,-13.0,17.0,15.0,3.0,0.0,4.0,20.0,7.0,0.0,145.0,12.4,304.0,1214,14:49,6.0,16.0,27.3,28.0,51.0,22.0,46.0,,,,,,,,,,,,,,,,,,,,,,,,,,,,,,,
9,Minnesota Wild,Marco Rossi,AT,C,18,2026,Ottawa 67's (OHL),202,49,65,114,-15,87,,,,,,,10.2,rossima01,NHL 82 Game Avg,NHL 82 Game Avg,NHL 82 Game Avg,NHL 82 Game Avg,,82.0,20.0,26.0,46.0,-6.0,35.0,16.0,4.0,0.0,2.0,19.0,7.0,0.0,141.0,14.1,264.0,1398,17:03,399.0,466.0,46.1,39.0,47.0,25.0,39.0,,,,,,,,,,,,,,,,,,,,,,,,,,,,,,,
10,Winnipeg Jets,Cole Perfetti,CA,C,18,2026,Saginaw Spirit (OHL),233,49,80,129,31,52,,,,,,,13,perfeco01,NHL 82 Game Avg,NHL 82 Game Avg,NHL 82 Game Avg,NHL 82 Game Avg,,82.0,17.0,28.0,45.0,11.0,18.0,13.0,4.0,0.0,2.0,20.0,8.0,0.0,146.0,11.7,272.0,1198,14:37,22.0,42.0,34.2,35.0,55.0,25.0,36.0,,,,,,,,,,,,,,,,,,,,,,,,,,,,,,,
11,Nashville Predators,Iaroslav Askarov,RU,G,18,2026,Neva St. Petersburg (Russia-2),33,0,1,1,0,0,33,15,13,3,0.904,2.99,6.6,askarya01,NSH (2 Yrs),NSH (2 Yrs),NSH (2 Yrs),NSH (2 Yrs),,,0.0,0.0,0.0,,,,,,,,,,,,,,,,,,,,,,,,,,,,3.0,2.0,1.0,1.0,0.0,6.0,70.0,64.0,0.914,2.58,0.0,139:30,1.0,0.5,0.0,89.0,0.7,2.58,0.5,0.0,,,,,
12,Florida Panthers,Anton Lundell,FI,C,18,2026,HIFK (Finland),320,66,111,177,63,153,,,,,,,17.1,lundean01,NHL 82 Game Avg,NHL 82 Game Avg,NHL 82 Game Avg,NHL 82 Game Avg,,82.0,17.0,28.0,45.0,16.0,39.0,14.0,2.0,2.0,2.0,22.0,5.0,2.0,167.0,10.1,304.0,1338,16:19,479.0,466.0,50.7,52.0,65.0,40.0,49.0,,,,,,,,,,,,,,,,,,,,,,,,,,,,,,,
13,Carolina Hurricanes,Seth Jarvis,CA,C,18,2026,Portland Winterhawks (WHL),329,111,124,235,59,66,,,,,,,27.2,jarvise01,NHL 82 Game Avg,NHL 82 Game Avg,NHL 82 Game Avg,NHL 82 Game Avg,,82.0,28.0,31.0,59.0,15.0,16.0,19.0,6.0,2.0,5.0,23.0,7.0,1.0,188.0,14.7,338.0,1415,17:16,61.0,86.0,41.4,46.0,94.0,35.0,47.0,,,,,,,,,,,,,,,,,,,,,,,,,,,,,,,
14,Edmonton Oilers,Dylan Holloway,CA,C,18,2026,Wisconsin (Big Ten),193,42,52,94,11,70,,,,,,,9.2,hollody01,EDM (2 Yrs),EDM (2 Yrs),EDM (2 Yrs),EDM (2 Yrs),,89.0,9.0,9.0,18.0,-1.0,56.0,8.0,1.0,0.0,1.0,9.0,0.0,0.0,100.0,9.0,192.0,920:58,10:21,49.0,60.0,45.0,30.0,174.0,25.0,27.0,,,,,,,,,,,,,,,,,,,,,,,,,,,,,,,
15,Toronto Maple Leafs,Rodion Amirov,RU,LW,18,,Salavat Yulaev Ufa (Russia),,,,,,,,,,,,,,amiroro01,,,,,,,,,,,,,,,,,,,,,,,,,,,,,,,,,,,,,,,,,,,,,,,,,,,,,,,,,,,,,
16,Montreal Canadiens,Kaiden Guhle,CA,D,18,2026,Prince Albert Raiders (WHL),174,17,43,60,-20,137,,,,,,,9,guhleka01,NHL 82 Game Avg,NHL 82 Game Avg,NHL 82 Game Avg,NHL 82 Game Avg,,82.0,8.0,20.0,28.0,-9.0,65.0,8.0,0.0,0.0,1.0,20.0,0.0,0.0,104.0,7.7,227.0,1707,20:49,0.0,0.0,,,,,,,181.0,151.0,31.0,70.0,,,,,,,,,,,,,,,,,,,,,,,,,,
17,Chicago Blackhawks,Lukas Reichel,DE,LW,18,2026,Eisbaren Berlin (Germany),188,22,37,59,-65,36,,,,,,,2.2,reichlu01,VAN (1 Yr),VAN (1 Yr),VAN (1 Yr),VAN (1 Yr),,14.0,0.0,1.0,1.0,-5.0,4.0,0.0,0.0,0.0,0.0,1.0,0.0,0.0,9.0,0.0,26.0,183:30,13:06,44.0,66.0,40.0,8.0,6.0,1.0,9.0,,,,,,,,,,,,,,,,,,,,,,,,,,,,,,,
18,New Jersey Devils,Dawson Mercer,CA,C,18,2026,Chicoutimi Sagueneens (QMJHL),354,93,95,188,-16,95,,,,,,,17.5,merceda01,NHL 82 Game Avg,NHL 82 Game Avg,NHL 82 Game Avg,NHL 82 Game Avg,,82.0,21.0,22.0,43.0,-4.0,22.0,16.0,4.0,1.0,3.0,18.0,4.0,0.0,149.0,14.4,265.0,1410,17:12,129.0,196.0,39.7,52.0,34.0,34.0,47.0,,,,,,,,,,,,,,,,,,,,,,,,,,,,,,,
19,New York Rangers,Braden Schneider,CA,D,18,2026,Brandon Wheat Kings (WHL),314,19,55,74,20,67,,,,,,,15.2,schnebr01,NHL 82 Game Avg,NHL 82 Game Avg,NHL 82 Game Avg,NHL 82 Game Avg,,82.0,5.0,14.0,19.0,5.0,17.0,4.0,0.0,1.0,1.0,14.0,0.0,0.0,85.0,5.8,197.0,1355,16:32,0.0,0.0,,,,,,,132.0,153.0,22.0,62.0,,,,,,,,,,,,,,,,,,,,,,,,,,
20,New Jersey Devils,Shakir Mukhamadullin,RU,D,18,2026,Salavat Yulaev Ufa (Russia),47,3,12,15,-4,18,,,,,,,2.4,mukhash01,NHL 82 Game Avg,NHL 82 Game Avg,NHL 82 Game Avg,NHL 82 Game Avg,,82.0,5.0,21.0,26.0,-7.0,31.0,5.0,0.0,0.0,0.0,16.0,5.0,0.0,82.0,6.4,227.0,1459,17:47,0.0,0.0,,,,,,,136.0,65.0,14.0,85.0,,,,,,,,,,,,,,,,,,,,,,,,,,
21,Columbus Blue Jackets,Yegor Chinakhov,RU,RW,19,2026,Omskie Yastreby (Russia Jr.),195,36,39,75,-48,40,,,,,,,4.5,chinaye01,NHL 82 Game Avg,NHL 82 Game Avg,NHL 82 Game Avg,NHL 82 Game Avg,,82.0,15.0,16.0,32.0,-20.0,17.0,13.0,2.0,0.0,2.0,14.0,2.0,0.0,145.0,10.4,308.0,1116,13:37,1.0,9.0,8.7,33.0,79.0,32.0,26.0,,,,,,,,,,,,,,,,,,,,,,,,,,,,,,,
22,Washington Capitals,Hendrix Lapierre,CA,C,18,2026,Chicoutimi Sagueneens (QMJHL),110,9,27,36,-1,14,,,,,,,2.5,lapiehe01,NHL 82 Game Avg,NHL 82 Game Avg,NHL 82 Game Avg,NHL 82 Game Avg,,82.0,7.0,20.0,27.0,1.0,10.0,7.0,0.0,0.0,1.0,18.0,1.0,0.0,71.0,9.4,137.0,862,10:31,137.0,233.0,37.1,38.0,45.0,24.0,38.0,,,,,,,,,,,,,,,,,,,,,,,,,,,,,,,
23,Philadelphia Flyers,Tyson Foerster,CA,RW,18,2026,Barrie Colts (OHL),187,58,38,96,0,107,,,,,,,10.4,foersty01,NHL 82 Game Avg,NHL 82 Game Avg,NHL 82 Game Avg,NHL 82 Game Avg,,82.0,25.0,17.0,42.0,0.0,47.0,19.0,6.0,0.0,3.0,14.0,3.0,0.0,160.0,15.9,311.0,1401,17:05,1.0,2.0,28.6,57.0,92.0,27.0,29.0,,,,,,,,,,,,,,,,,,,,,,,,,,,,,,,
24,Calgary Flames,Connor Zary,CA,C,18,2026,Kamloops Blazers (WHL),143,29,36,65,0,46,,,,,,,6,zaryco01,NHL 82 Game Avg,NHL 82 Game Avg,NHL 82 Game Avg,NHL 82 Game Avg,,82.0,17.0,21.0,37.0,0.0,26.0,15.0,2.0,0.0,3.0,14.0,6.0,0.0,135.0,12.3,258.0,1255,15:19,100.0,154.0,39.5,36.0,42.0,18.0,45.0,,,,,,,,,,,,,,,,,,,,,,,,,,,,,,,
25,Colorado Avalanche,Justin Barron,CA,D,18,2026,Halifax Mooseheads (QMJHL),175,18,29,47,-27,65,,,,,,,7.4,barroju01,COL (1 Yr),COL (1 Yr),COL (1 Yr),COL (1 Yr),,2.0,0.0,0.0,0.0,-1.0,0.0,0.0,0.0,0.0,0.0,0.0,0.0,0.0,0.0,,4.0,25:10,12:35,0.0,0.0,,,,,,,1.0,1.0,1.0,0.0,,,,,,,,,,,,,,,,,,,,,,,,,,
26,St. Louis Blues,Jake Neighbours,CA,LW,18,2026,Edmonton Oil Kings (WHL),226,62,44,106,-44,107,,,,,,,9.5,neighja01,NHL 82 Game Avg,NHL 82 Game Avg,NHL 82 Game Avg,NHL 82 Game Avg,,82.0,22.0,16.0,38.0,-16.0,39.0,17.0,5.0,0.0,4.0,11.0,5.0,0.0,126.0,17.9,205.0,1217,14:50,9.0,16.0,36.6,47.0,151.0,25.0,30.0,,,,,,,,,,,,,,,,,,,,,,,,,,,,,,,
27,Anaheim Ducks,Jacob Perreault,CA,RW,18,2022,Sarnia Sting (OHL),1,0,0,0,-1,0,,,,,,,-0.1,perreja01,NHL 82 Game Avg,NHL 82 Game Avg,NHL 82 Game Avg,NHL 82 Game Avg,,82.0,0.0,0.0,0.0,-82.0,0.0,0.0,0.0,0.0,0.0,0.0,0.0,0.0,0.0,,164.0,902,11:05,0.0,0.0,,,,,,,,,,,,,,,,,,,,,,,,,,,,,,,,,82.0,0.0,0.0,82.0
28,Ottawa Senators,Ridly Greig,CA,C,18,2026,Brandon Wheat Kings (WHL),191,30,47,77,-3,160,,,,,,,5.7,greigri01,NHL 82 Game Avg,NHL 82 Game Avg,NHL 82 Game Avg,NHL 82 Game Avg,,82.0,13.0,20.0,33.0,-1.0,69.0,9.0,3.0,1.0,1.0,15.0,5.0,1.0,120.0,10.7,230.0,1291,15:45,225.0,235.0,48.9,45.0,140.0,26.0,31.0,,,,,,,,,,,,,,,,,,,,,,,,,,,,,,,
29,Vegas Golden Knights,Brendan Brisson,US,C,18,2025,Chicago Steel (USHL),24,2,6,8,-8,2,,,,,,,0.2,brissbr01,NHL 82 Game Avg,NHL 82 Game Avg,NHL 82 Game Avg,NHL 82 Game Avg,,82.0,7.0,21.0,27.0,-27.0,7.0,3.0,3.0,0.0,3.0,17.0,3.0,0.0,92.0,7.4,222.0,933,11:25,14.0,14.0,50.0,14.0,75.0,21.0,17.0,,,,,,,,,,,,,,,,,,,,,,,,,,,,,,,
30,Dallas Stars,Mavrik Bourque,CA,C,18,2026,Shawinigan Cataractes (QMJHL),101,15,19,34,2,12,,,,,,,2.6,bourqma01,NHL 82 Game Avg,NHL 82 Game Avg,NHL 82 Game Avg,NHL 82 Game Avg,,82.0,12.0,15.0,27.0,2.0,10.0,11.0,1.0,0.0,1.0,12.0,3.0,0.0,103.0,11.7,195.0,1065,12:60,153.0,180.0,45.9,39.0,50.0,11.0,41.0,,,,,,,,,,,,,,,,,,,,,,,,,,,,,,,
31,San Jose Sharks,Ozzy Wiesblatt,CA,RW,18,2026,Prince Albert Raiders (WHL),28,1,4,5,-5,30,,,,,,,0,wiesboz01,NHL 82 Game Avg,NHL 82 Game Avg,NHL 82 Game Avg,NHL 82 Game Avg,,82.0,3.0,12.0,15.0,-15.0,88.0,3.0,0.0,0.0,0.0,12.0,0.0,0.0,76.0,3.8,167.0,908,11:05,0.0,12.0,0.0,38.0,214.0,15.0,35.0,,,,,,,,,,,,,,,,,,,,,,,,,,,,,,,
32,Detroit Red Wings,William Wallinder,SE,D,18,,MODO Hockey Jr. (Sweden Jr.),,,,,,,,,,,,,,walliwi01,,,,,,,,,,,,,,,,,,,,,,,,,,,,,,,,,,,,,,,,,,,,,,,,,,,,,,,,,,,,,
33,Ottawa Senators,Roby Jarventie,FI,LW,18,2024,KOOVEE (Finland-2),7,0,1,1,-5,4,,,,,,,-0.2,jarvero01,NHL 82 Game Avg,NHL 82 Game Avg,NHL 82 Game Avg,NHL 82 Game Avg,,82.0,0.0,12.0,12.0,-59.0,47.0,0.0,0.0,0.0,0.0,12.0,0.0,0.0,59.0,0.0,94.0,609,7:31,129.0,281.0,31.4,70.0,59.0,12.0,35.0,,,,,,,,,,,,,,,,,,,,,,,,,,,,,,,
34,Buffalo Sabres,John-Jason Peterka,DE,RW,18,2026,EHC Munchen (Germany),265,77,90,167,-4,98,,,,,,,16.9,peterjo01,UTA (1 Yr),UTA (1 Yr),UTA (1 Yr),UTA (1 Yr),,28.0,12.0,9.0,21.0,5.0,10.0,11.0,1.0,0.0,1.0,9.0,0.0,0.0,60.0,20.0,115.0,453:07,16:11,4.0,7.0,36.4,9.0,5.0,9.0,29.0,,,,,,,,,,,,,,,,,,,,,,,,,,,,,,,
35,Los Angeles Kings,Helge Grans,SE,D,18,2025,Malmo Jr. (Sweden Jr.),6,0,1,1,0,2,,,,,,,0.2,granshe01,NHL 82 Game Avg,NHL 82 Game Avg,NHL 82 Game Avg,NHL 82 Game Avg,,82.0,0.0,14.0,14.0,0.0,27.0,0.0,0.0,0.0,0.0,14.0,0.0,0.0,68.0,0.0,178.0,1175,14:28,0.0,0.0,,,,,,,68.0,55.0,27.0,109.0,,,,,,,,,,,,,,,,,,,,,,,,,,
36,Anaheim Ducks,Sam Colangelo,US,RW,18,2026,Chicago Steel (USHL),42,12,2,14,-7,8,,,,,,,1.4,colansa01,NHL 82 Game Avg,NHL 82 Game Avg,NHL 82 Game Avg,NHL 82 Game Avg,,82.0,23.0,4.0,27.0,-14.0,16.0,20.0,4.0,0.0,2.0,4.0,0.0,0.0,100.0,23.5,213.0,992,12:07,10.0,23.0,29.4,39.0,154.0,6.0,47.0,,,,,,,,,,,,,,,,,,,,,,,,,,,,,,,
37,Minnesota Wild,Marat Khusnutdinov,RU,C,18,2026,SKA 1946 St. Petersburg (Russia Jr.),114,10,13,23,-16,34,,,,,,,0.5,khusnma01,BOS (2 Yrs),BOS (2 Yrs),BOS (2 Yrs),BOS (2 Yrs),,41.0,7.0,5.0,12.0,-7.0,14.0,7.0,0.0,0.0,1.0,3.0,2.0,0.0,33.0,21.2,65.0,586:06,14:18,37.0,37.0,50.0,20.0,33.0,11.0,31.0,,,,,,,,,,,,,,,,,,,,,,,,,,,,,,,
38,San Jose Sharks,Thomas Bordeleau,US,C,18,2025,USA U-18 Development Team (USDP/USHL),44,6,12,18,-22,18,,,,,,,0.7,bordeth01,NHL 82 Game Avg,NHL 82 Game Avg,NHL 82 Game Avg,NHL 82 Game Avg,,82.0,11.0,22.0,34.0,-41.0,34.0,4.0,7.0,0.0,2.0,15.0,7.0,0.0,132.0,8.5,257.0,1234,15:04,203.0,212.0,48.9,48.0,35.0,47.0,35.0,,,,,,,,,,,,,,,,,,,,,,,,,,,,,,,
39,Minnesota Wild,Ryan O'Rourke,CA,D,18,,Soo Greyhounds (OHL),,,,,,,,,,,,,,orourry01,,,,,,,,,,,,,,,,,,,,,,,,,,,,,,,,,,,,,,,,,,,,,,,,,,,,,,,,,,,,,
40,Winnipeg Jets,Daniel Torgersson,SE,LW,18,,Frolunda HC Jr. (Sweden Jr.),,,,,,,,,,,,,,torgeda01,,,,,,,,,,,,,,,,,,,,,,,,,,,,,,,,,,,,,,,,,,,,,,,,,,,,,,,,,,,,,
41,Carolina Hurricanes,Noel Gunler,SE,RW,18,,Lulea HF (Sweden),,,,,,,,,,,,,,gunleno01,,,,,,,,,,,,,,,,,,,,,,,,,,,,,,,,,,,,,,,,,,,,,,,,,,,,,,,,,,,,,
42,Nashville Predators,Luke Evangelista,CA,RW,18,2026,London Knights (OHL),197,37,67,104,9,54,,,,,,,9.9,evanglu01,NHL 82 Game Avg,NHL 82 Game Avg,NHL 82 Game Avg,NHL 82 Game Avg,,82.0,15.0,28.0,43.0,4.0,22.0,13.0,2.0,0.0,1.0,21.0,7.0,0.0,173.0,8.9,278.0,1189,14:30,0.0,2.0,14.3,19.0,30.0,32.0,48.0,,,,,,,,,,,,,,,,,,,,,,,,,,,,,,,
43,Florida Panthers,Emil Heineman,SE,LW,18,2026,Leksands IF Jr. (Sweden Jr.),93,20,14,34,1,32,,,,,,,3.7,heineem01,NYI (1 Yr),NYI (1 Yr),NYI (1 Yr),NYI (1 Yr),,27.0,10.0,6.0,16.0,5.0,12.0,9.0,1.0,0.0,0.0,6.0,0.0,0.0,52.0,19.2,108.0,414:06,15:20,4.0,1.0,80.0,15.0,95.0,4.0,14.0,,,,,,,,,,,,,,,,,,,,,,,,,,,,,,,
44,Ottawa Senators,Tyler Kleven,US,D,18,2026,USA U-18 Development Team (USDP/USHL),120,4,13,17,-20,40,,,,,,,2.5,klevety01,NHL 82 Game Avg,NHL 82 Game Avg,NHL 82 Game Avg,NHL 82 Game Avg,,82.0,3.0,9.0,12.0,-14.0,27.0,3.0,0.0,0.0,1.0,8.0,1.0,0.0,85.0,3.2,194.0,1225,14:56,0.0,0.0,,,,,,,105.0,102.0,29.0,72.0,,,,,,,,,,,,,,,,,,,,,,,,,,
45,Los Angeles Kings,Brock Faber,US,D,18,2026,USA U-18 Development Team (USDP/USHL),189,24,67,91,-2,51,,,,,,,16.1,faberbr01,NHL 82 Game Avg,NHL 82 Game Avg,NHL 82 Game Avg,NHL 82 Game Avg,,82.0,10.0,29.0,39.0,-1.0,22.0,8.0,2.0,0.0,1.0,18.0,11.0,0.0,140.0,7.4,309.0,2054,25:03,0.0,0.0,,,,,,,141.0,49.0,26.0,76.0,,,,,,,,,,,,,,,,,,,,,,,,,,
46,Chicago Blackhawks,Drew Commesso,US,G,18,2025,USA U-18 Development Team (USDP/USHL),2,0,0,0,0,0,2,0,1,0,0.846,3.36,0,commedr01,NHL 82 Game Avg,NHL 82 Game Avg,NHL 82 Game Avg,NHL 82 Game Avg,,,0.0,0.0,0.0,,,,,,,,,,,,,,,,,,,,,,,,,,,,82.0,41.0,0.0,41.0,0.0,164.0,1066.0,902.0,0.846,3.36,0.0,2911,0.0,0.0,41.0,154.0,-57.2,3.36,0.5,0.0,,,,,
47,Montreal Canadiens,Luke Tuch,US,LW,18,,USA U-18 Development Team (USDP/USHL),,,,,,,,,,,,,,tuchlu01,,,,,,,,,,,,,,,,,,,,,,,,,,,,,,,,,,,,,,,,,,,,,,,,,,,,,,,,,,,,,
48,Montreal Canadiens,Jan Mysak,CZ,C,18,,Hamilton Bulldogs (OHL),,,,,,,,,,,,,,mysakja01,,,,,,,,,,,,,,,,,,,,,,,,,,,,,,,,,,,,,,,,,,,,,,,,,,,,,,,,,,,,,
50,Calgary Flames,Yan Kuznetsov,RU,D,18,2026,Connecticut (H-East),15,1,2,3,-5,0,,,,,,,0.5,kuzneya01,NHL 82 Game Avg,NHL 82 Game Avg,NHL 82 Game Avg,NHL 82 Game Avg,,82.0,5.0,11.0,16.0,-27.0,0.0,5.0,0.0,0.0,0.0,5.0,0.0,5.0,93.0,5.9,186.0,1569,19:10,0.0,0.0,,,,,,,137.0,120.0,11.0,66.0,,,,,,,,,,,,,,,,,,,,,,,,,,
51,Detroit Red Wings,Theodor Niederbach,SE,C,18,,Frolunda HC Jr. (Sweden Jr.),,,,,,,,,,,,,,niedeth01,,,,,,,,,,,,,,,,,,,,,,,,,,,,,,,,,,,,,,,,,,,,,,,,,,,,,,,,,,,,,
52,Pittsburgh Penguins,Joel Blomqvist,FI,G,18,2025,Karpat Jr. (Finland Jr.),15,0,0,0,0,0,15,4,9,1,0.885,3.81,1.9,blomqjo01,NHL 82 Game Avg,NHL 82 Game Avg,NHL 82 Game Avg,NHL 82 Game Avg,,,0.0,0.0,0.0,,,,,,,,,,,,,,,,,,,,,,,,,,,,82.0,66.0,22.0,49.0,5.0,268.0,2323.0,2055.0,0.885,3.81,0.0,4220,27.0,0.417,22.0,115.0,-35.2,4.04,10.5,0.0,,,,,
53,Carolina Hurricanes,Vasiliy Ponomarev,RU,C,18,2025,Shawinigan Cataractes (QMJHL),9,1,1,2,0,2,,,,,,,0.2,ponomva01,CAR (1 Yr),CAR (1 Yr),CAR (1 Yr),CAR (1 Yr),,2.0,1.0,1.0,2.0,1.0,0.0,1.0,0.0,0.0,0.0,1.0,0.0,0.0,1.0,100.0,1.0,19:21,9:41,5.0,4.0,55.6,1.0,0.0,1.0,0.0,,,,,,,,,,,,,,,,,,,,,,,,,,,,,,,
54,Philadelphia Flyers,Emil Andrae,SE,D,18,2026,HV71 Jr. (Sweden Jr.),61,2,11,13,-3,24,,,,,,,2.3,andraem01,NHL 82 Game Avg,NHL 82 Game Avg,NHL 82 Game Avg,NHL 82 Game Avg,,82.0,3.0,15.0,17.0,0.0,32.0,3.0,0.0,0.0,0.0,9.0,5.0,0.0,95.0,2.8,222.0,1375,16:47,0.0,0.0,,,,,,,87.0,89.0,25.0,75.0,,,,,,,,,,,,,,,,,,,,,,,,,,
55,Detroit Red Wings,Cross Hanas,US,LW,18,,Portland Winterhawks (WHL),,,,,,,,,,,,,,hanascr02,,,,,,,,,,,,,,,,,,,,,,,,,,,,,,,,,,,,,,,,,,,,,,,,,,,,,,,,,,,,,
56,San Jose Sharks,Tristen Robins,GB,RW,18,2023,Saskatoon Blades (WHL),3,0,0,0,-1,0,,,,,,,-0.1,robintr01,NHL 82 Game Avg,NHL 82 Game Avg,NHL 82 Game Avg,NHL 82 Game Avg,,82.0,0.0,0.0,0.0,-27.0,0.0,0.0,0.0,0.0,0.0,0.0,0.0,0.0,55.0,0.0,55.0,1121,13:43,355.0,465.0,43.3,82.0,55.0,0.0,27.0,,,,,,,,,,,,,,,,,,,,,,,,,,,,,,,
57,Tampa Bay Lightning,Jack Finley,US,C,18,2026,Spokane Chiefs (WHL),10,1,1,2,2,4,,,,,,,0.2,finleja01,NHL 82 Game Avg,NHL 82 Game Avg,NHL 82 Game Avg,NHL 82 Game Avg,,82.0,8.0,8.0,16.0,16.0,33.0,8.0,0.0,0.0,8.0,8.0,0.0,0.0,57.0,14.3,90.0,730,8:60,385.0,443.0,46.5,8.0,131.0,0.0,8.0,,,,,,,,,,,,,,,,,,,,,,,,,,,,,,,
58,Boston Bruins,Mason Lohrei,US,D,19,2026,Green Bay Gamblers (USHL),141,11,45,56,-44,38,,,,,,,5.8,lohrema01,NHL 82 Game Avg,NHL 82 Game Avg,NHL 82 Game Avg,NHL 82 Game Avg,,82.0,6.0,26.0,33.0,-26.0,22.0,5.0,2.0,0.0,1.0,15.0,11.0,0.0,87.0,7.3,247.0,1507,18:23,0.0,0.0,,,,,,,111.0,40.0,30.0,94.0,,,,,,,,,,,,,,,,,,,,,,,,,,
59,Toronto Maple Leafs,Roni Hirvonen,FI,C,18,,Assat (Finland),,,,,,,,,,,,,,hirvoro01,,,,,,,,,,,,,,,,,,,,,,,,,,,,,,,,,,,,,,,,,,,,,,,,,,,,,,,,,,,,,
60,New York Rangers,William Cuylle,CA,LW,18,2026,Windsor Spitfires (OHL),195,41,41,82,2,126,,,,,,,7.9,cuyllwi01,NHL 82 Game Avg,NHL 82 Game Avg,NHL 82 Game Avg,NHL 82 Game Avg,,82.0,17.0,17.0,34.0,1.0,53.0,14.0,3.0,1.0,3.0,16.0,1.0,0.0,142.0,12.1,261.0,1116,13:36,12.0,19.0,37.8,42.0,275.0,13.0,34.0,,,,,,,,,,,,,,,,,,,,,,,,,,,,,,,
61,Ottawa Senators,Egor Sokolov,RU,LW,20,2023,Cape Breton Eagles (QMJHL),13,1,1,2,-4,4,,,,,,,0,sokoleg01,NHL 82 Game Avg,NHL 82 Game Avg,NHL 82 Game Avg,NHL 82 Game Avg,,82.0,6.0,6.0,13.0,-25.0,25.0,6.0,0.0,0.0,6.0,6.0,0.0,0.0,82.0,7.7,132.0,744,9:05,0.0,0.0,,,,,,,38.0,114.0,6.0,0.0,,,,,,,,,,,,,,,,,,,,,,,,,,
62,Tampa Bay Lightning,Gage Goncalves,CA,C,19,2026,Everett Silvertips (WHL),88,10,16,26,9,26,,,,,,,2,goncaga01,NHL 82 Game Avg,NHL 82 Game Avg,NHL 82 Game Avg,NHL 82 Game Avg,,82.0,9.0,15.0,24.0,8.0,24.0,8.0,1.0,0.0,1.0,13.0,2.0,0.0,73.0,12.8,147.0,1032,12:35,6.0,9.0,37.5,30.0,97.0,23.0,55.0,,,,,,,,,,,,,,,,,,,,,,,,,,,,,,,
63,Detroit Red Wings,Donovan Sebrango,CA,D,18,2026,Kitchener Rangers (OHL),12,0,2,2,-1,14,,,,,,,0.3,sebrado01,FLA (1 Yr),FLA (1 Yr),FLA (1 Yr),FLA (1 Yr),,8.0,0.0,2.0,2.0,1.0,9.0,0.0,0.0,0.0,0.0,2.0,0.0,0.0,7.0,0.0,15.0,109:36,13:42,0.0,0.0,,,,,,,11.0,14.0,1.0,8.0,,,,,,,,,,,,,,,,,,,,,,,,,,
64,Toronto Maple Leafs,Topi Niemela,FI,D,18,,Karpat (Finland),,,,,,,,,,,,,,niemeto01,,,,,,,,,,,,,,,,,,,,,,,,,,,,,,,,,,,,,,,,,,,,,,,,,,,,,,,,,,,,,
65,Minnesota Wild,Daemon Hunt,CA,D,18,2026,Moose Jaw Warriors (WHL),20,0,2,2,0,0,,,,,,,0.4,huntda01,NHL 82 Game Avg,NHL 82 Game Avg,NHL 82 Game Avg,NHL 82 Game Avg,,82.0,0.0,8.0,8.0,0.0,0.0,0.0,0.0,0.0,0.0,8.0,0.0,0.0,41.0,0.0,139.0,939,11:28,0.0,0.0,,,,,,,127.0,57.0,12.0,25.0,,,,,,,,,,,,,,,,,,,,,,,,,,
66,Los Angeles Kings,Kasper Simontaival,FI,RW,18,,Tappara Jr. (Finland Jr.),,,,,,,,,,,,,,simonka01,,,,,,,,,,,,,,,,,,,,,,,,,,,,,,,,,,,,,,,,,,,,,,,,,,,,,,,,,,,,,
67,Anaheim Ducks,Ian Moore,US,D,18,2026,St. Mark's School (High-MA),19,2,3,5,3,12,,,,,,,1,mooreia01,NHL 82 Game Avg,NHL 82 Game Avg,NHL 82 Game Avg,NHL 82 Game Avg,,82.0,8.0,12.0,21.0,12.0,49.0,8.0,0.0,0.0,4.0,12.0,0.0,0.0,78.0,10.5,230.0,1119,13:42,0.0,0.0,,,,,,,119.0,37.0,16.0,66.0,,,,,,,,,,,,,,,,,,,,,,,,,,
68,Vegas Golden Knights,Lukas Cormier,CA,D,18,2024,Charlottetown Islanders (QMJHL),2,0,1,1,1,0,,,,,,,0.2,cormilu01,NHL 82 Game Avg,NHL 82 Game Avg,NHL 82 Game Avg,NHL 82 Game Avg,,82.0,0.0,41.0,41.0,41.0,0.0,0.0,0.0,0.0,0.0,0.0,41.0,0.0,123.0,0.0,328.0,1394,17:17,0.0,0.0,,,,,,,82.0,41.0,0.0,0.0,,,,,,,,,,,,,,,,,,,,,,,,,,
69,Carolina Hurricanes,Alexander Nikishin,RU,D,18,2026,Spartak Moskva (Russia),24,3,6,9,15,12,,,,,,,2.6,nikisal01,NHL 82 Game Avg,NHL 82 Game Avg,NHL 82 Game Avg,NHL 82 Game Avg,,82.0,10.0,21.0,31.0,51.0,41.0,10.0,0.0,0.0,0.0,21.0,0.0,0.0,154.0,6.7,352.0,1578,19:17,0.0,0.0,,,,,,,113.0,191.0,24.0,89.0,,,,,,,,,,,,,,,,,,,,,,,,,,
70,Detroit Red Wings,Eemil Viro,FI,D,18,,TPS (Finland),,,,,,,,,,,,,,viroee01,,,,,,,,,,,,,,,,,,,,,,,,,,,,,,,,,,,,,,,,,,,,,,,,,,,,,,,,,,,,,
71,Ottawa Senators,Leevi Merilainen,FI,G,18,2026,Karpat Jr. (Finland Jr.),20,0,0,0,0,0,20,11,7,2,0.905,2.62,3.4,merille01,NHL 82 Game Avg,NHL 82 Game Avg,NHL 82 Game Avg,NHL 82 Game Avg,,,0.0,0.0,0.0,,,,,,,,,,,,,,,,,,,,,,,,,,,,82.0,78.0,45.0,29.0,8.0,197.0,2062.0,1866.0,0.905,2.62,12.0,4510,45.0,0.579,21.0,97.0,10.5,2.72,13.8,0.0,,,,,
72,Calgary Flames,Jeremie Poirier,CA,D,18,,Saint John Sea Dogs (QMJHL),,,,,,,,,,,,,,poirije01,,,,,,,,,,,,,,,,,,,,,,,,,,,,,,,,,,,,,,,,,,,,,,,,,,,,,,,,,,,,,
73,Nashville Predators,Luke Prokop,CA,D,18,,Calgary Hitmen (WHL),,,,,,,,,,,,,,prokolu01,,,,,,,,,,,,,,,,,,,,,,,,,,,,,,,,,,,,,,,,,,,,,,,,,,,,,,,,,,,,,
74,Florida Panthers,Ty Smilanic,US,C,18,,USA U-18 Development Team (USDP/USHL),,,,,,,,,,,,,,smilaty01,,,,,,,,,,,,,,,,,,,,,,,,,,,,,,,,,,,,,,,,,,,,,,,,,,,,,,,,,,,,,
75,Colorado Avalanche,Jean-Luc Foudy,CA,C,18,2024,Windsor Spitfires (OHL),13,1,0,1,-2,6,,,,,,,-0.1,foudyje01,NHL 82 Game Avg,NHL 82 Game Avg,NHL 82 Game Avg,NHL 82 Game Avg,,82.0,6.0,0.0,6.0,-13.0,38.0,6.0,0.0,0.0,0.0,0.0,0.0,0.0,88.0,7.1,107.0,732,8:55,0.0,19.0,0.0,13.0,13.0,19.0,38.0,,,,,,,,,,,,,,,,,,,,,,,,,,,,,,,
76,San Jose Sharks,Danil Gushchin,RU,LW,18,2025,Muskegon Lumberjacks (USHL),18,2,3,5,-6,6,,,,,,,0.1,gushcda01,NHL 82 Game Avg,NHL 82 Game Avg,NHL 82 Game Avg,NHL 82 Game Avg,,82.0,9.0,14.0,23.0,-27.0,27.0,5.0,5.0,0.0,0.0,9.0,5.0,0.0,128.0,7.1,296.0,1084,13:14,5.0,5.0,50.0,82.0,36.0,14.0,5.0,,,,,,,,,,,,,,,,,,,,,,,,,,,,,,,
77,Pittsburgh Penguins,Calle Clang,SE,G,18,,Rogle BK Jr. (Sweden Jr.),,,,,,,,,,,,,,clangca01,,,,,,,,,,,,,,,,,,,,,,,,,,,,,,,,,,,,,,,,,,,,,,,,,,,,,,,,,,,,,
78,Columbus Blue Jackets,Samuel Knazko,SK,D,18,2023,TPS Jr. (Finland Jr.),2,0,0,0,0,0,,,,,,,0,knazksa01,NHL 82 Game Avg,NHL 82 Game Avg,NHL 82 Game Avg,NHL 82 Game Avg,,82.0,0.0,0.0,0.0,0.0,0.0,0.0,0.0,0.0,0.0,0.0,0.0,0.0,0.0,,82.0,1271,15:39,0.0,0.0,,,,,,,,,,,,,,,,,,,,,,,,,,,,,,,,,41.0,0.0,41.0,0.0
79,Chicago Blackhawks,Landon Slaggert,US,LW,18,2026,USA U-18 Development Team (USDP/USHL),59,4,7,11,-6,39,,,,,,,0.3,slaggla01,NHL 82 Game Avg,NHL 82 Game Avg,NHL 82 Game Avg,NHL 82 Game Avg,,82.0,6.0,10.0,15.0,-8.0,54.0,6.0,0.0,0.0,1.0,10.0,0.0,0.0,74.0,7.5,143.0,941,11:29,0.0,8.0,0.0,32.0,79.0,22.0,24.0,,,,,,,,,,,,,,,,,,,,,,,,,,,,,,,
80,Calgary Flames,Jake Boltmann,US,D,18,,Edina HS (High-MN),,,,,,,,,,,,,,boltmja01,,,,,,,,,,,,,,,,,,,,,,,,,,,,,,,,,,,,,,,,,,,,,,,,,,,,,,,,,,,,,
81,Chicago Blackhawks,Wyatt Kaiser,US,D,18,2026,Andover HS (High-MN),124,4,18,22,0,54,,,,,,,5.4,kaisewy01,NHL 82 Game Avg,NHL 82 Game Avg,NHL 82 Game Avg,NHL 82 Game Avg,,82.0,3.0,12.0,15.0,0.0,36.0,3.0,0.0,0.0,0.0,12.0,0.0,0.0,81.0,3.3,177.0,1491,18:11,0.0,0.0,,,,,,,115.0,65.0,28.0,87.0,,,,,,,,,,,,,,,,,,,,,,,,,,
82,Vancouver Canucks,Joni Jurmo,FI,D,18,,Jokerit Jr. (Finland Jr.),,,,,,,,,,,,,,jurmojo01,,,,,,,,,,,,,,,,,,,,,,,,,,,,,,,,,,,,,,,,,,,,,,,,,,,,,,,,,,,,,
83,Los Angeles Kings,Alex Laferriere,US,RW,18,2026,Des Moines Buccaneers (USHL),184,37,39,76,6,70,,,,,,,7.2,laferal01,NHL 82 Game Avg,NHL 82 Game Avg,NHL 82 Game Avg,NHL 82 Game Avg,,82.0,16.0,17.0,34.0,3.0,31.0,15.0,1.0,0.0,3.0,15.0,2.0,0.0,176.0,9.4,368.0,1238,15:06,39.0,54.0,42.1,38.0,133.0,17.0,44.0,,,,,,,,,,,,,,,,,,,,,,,,,,,,,,,
84,New Jersey Devils,Nicolas Daws,DE,G,19,2026,Guelph Storm (OHL),53,0,1,1,0,0,53,23,23,1,0.899,2.94,6.9,dawsni01,NHL 82 Game Avg,NHL 82 Game Avg,NHL 82 Game Avg,NHL 82 Game Avg,,,0.0,2.0,2.0,,,,,,,,,,,,,,,,,,,,,,,,,,,,82.0,74.0,36.0,36.0,2.0,207.0,2058.0,1850.0,0.899,2.94,2.0,4236,32.0,0.438,22.0,104.0,-11.0,3.02,10.6,0.0,,,,,
85,Tampa Bay Lightning,Maxim Groshev,RU,RW,18,,Neftekhimik Nizhnekamsk (Russia),,,,,,,,,,,,,,groshma01,,,,,,,,,,,,,,,,,,,,,,,,,,,,,,,,,,,,,,,,,,,,,,,,,,,,,,,,,,,,,
86,St. Louis Blues,Dylan Peterson,US,C,18,,USA U-18 Development Team (USDP/USHL),,,,,,,,,,,,,,peterdy01,,,,,,,,,,,,,,,,,,,,,,,,,,,,,,,,,,,,,,,,,,,,,,,,,,,,,,,,,,,,,
87,Florida Panthers,Justin Sourdif,CA,RW,18,2026,Vancouver Giants (WHL),31,4,3,7,7,10,,,,,,,0.7,sourdju01,WSH (1 Yr),WSH (1 Yr),WSH (1 Yr),WSH (1 Yr),,27.0,3.0,3.0,6.0,6.0,10.0,3.0,0.0,0.0,0.0,3.0,0.0,0.0,32.0,9.4,78.0,344:30,12:46,86.0,88.0,49.4,8.0,38.0,5.0,14.0,,,,,,,,,,,,,,,,,,,,,,,,,,,,,,,
88,St. Louis Blues,Leo Loof,SE,D,18,,Farjestad BK Jr. (Sweden Jr.),,,,,,,,,,,,,,loofle01,,,,,,,,,,,,,,,,,,,,,,,,,,,,,,,,,,,,,,,,,,,,,,,,,,,,,,,,,,,,,
89,Boston Bruins,Trevor Kuntar,US,C,19,,Youngstown Phantoms (USHL),,,,,,,,,,,,,,kuntatr01,,,,,,,,,,,,,,,,,,,,,,,,,,,,,,,,,,,,,,,,,,,,,,,,,,,,,,,,,,,,,
90,New York Islanders,Alexander Ljungkrantz,SE,RW,18,,Brynas IF Jr. (Sweden Jr.),,,,,,,,,,,,,,ljungal01,,,,,,,,,,,,,,,,,,,,,,,,,,,,,,,,,,,,,,,,,,,,,,,,,,,,,,,,,,,,,
91,Vegas Golden Knights,Jackson Hallum,US,LW,18,,St. Thomas Academy (High-MN),,,,,,,,,,,,,,halluja01,,,,,,,,,,,,,,,,,,,,,,,,,,,,,,,,,,,,,,,,,,,,,,,,,,,,,,,,,,,,,
92,New York Rangers,Oliver Tarnstrom,SE,C,18,,AIK Jr. (Sweden Jr.),,,,,,,,,,,,,,tarnsol01,,,,,,,,,,,,,,,,,,,,,,,,,,,,,,,,,,,,,,,,,,,,,,,,,,,,,,,,,,,,,
93,Tampa Bay Lightning,Jack Thompson,CA,D,18,2025,Sudbury Wolves (OHL),34,4,6,10,-11,10,,,,,,,1.1,thompja01,TBL (1 Yr),TBL (1 Yr),TBL (1 Yr),TBL (1 Yr),,1.0,0.0,0.0,0.0,0.0,0.0,0.0,0.0,0.0,0.0,0.0,0.0,0.0,1.0,0.0,1.0,11:39,11:39,0.0,0.0,,,,,,,0.0,2.0,0.0,0.0,,,,,,,,,,,,,,,,,,,,,,,,,,
94,Philadelphia Flyers,Zayde Wisdom,CA,RW,18,,Kingston Frontenacs (OHL),,,,,,,,,,,,,,wisdoza01,,,,,,,,,,,,,,,,,,,,,,,,,,,,,,,,,,,,,,,,,,,,,,,,,,,,,,,,,,,,,
95,Florida Panthers,Michael Benning,CA,D,18,,Sherwood Park (AJHL),,,,,,,,,,,,,,bennimi01,,,,,,,,,,,,,,,,,,,,,,,,,,,,,,,,,,,,,,,,,,,,,,,,,,,,,,,,,,,,,
96,Calgary Flames,Daniil Chechelev,RU,G,19,,Russike Vityazi Checkov (Russia Jr.),,,,,,,,,,,,,,chechda01,,,,,,,,,,,,,,,,,,,,,,,,,,,,,,,,,,,,,,,,,,,,,,,,,,,,,,,,,,,,,
97,Detroit Red Wings,Sam Stange,US,RW,19,,Sioux Falls Stampede (USHL),,,,,,,,,,,,,,stangsa01,,,,,,,,,,,,,,,,,,,,,,,,,,,,,,,,,,,,,,,,,,,,,,,,,,,,,,,,,,,,,
98,San Jose Sharks,Brandon Coe,CA,RW,18,,North Bay Battalion (OHL),,,,,,,,,,,,,,coebr01,,,,,,,,,,,,,,,,,,,,,,,,,,,,,,,,,,,,,,,,,,,,,,,,,,,,,,,,,,,,,
99,New Jersey Devils,Jaromir Pytlik,CZ,C,18,,Soo Greyhounds (OHL),,,,,,,,,,,,,,pytlija01,,,,,,,,,,,,,,,,,,,,,,,,,,,,,,,,,,,,,,,,,,,,,,,,,,,,,,,,,,,,,
100,Edmonton Oilers,Carter Savoie,CA,LW,18,,Sherwood Park (AJHL),,,,,,,,,,,,,,savoica01,,,,,,,,,,,,,,,,,,,,,,,,,,,,,,,,,,,,,,,,,,,,,,,,,,,,,,,,,,,,,
101,Nashville Predators,Adam Wilsby,SE,D,20,2026,Sodertalje SK (Sweden-2),39,1,7,8,2,18,,,,,,,2,wilsbad01,NHL 82 Game Avg,NHL 82 Game Avg,NHL 82 Game Avg,NHL 82 Game Avg,,82.0,2.0,15.0,17.0,4.0,38.0,2.0,0.0,0.0,0.0,15.0,0.0,0.0,103.0,2.0,248.0,1438,17:32,0.0,0.0,,,,,,,59.0,53.0,27.0,80.0,,,,,,,,,,,,,,,,,,,,,,,,,,
102,Montreal Canadiens,Jack Smith,US,C,18,,St. Cloud Cathedral HS (High-MN),,,,,,,,,,,,,,smithja03,,,,,,,,,,,,,,,,,,,,,,,,,,,,,,,,,,,,,,,,,,,,,,,,,,,,,,,,,,,,,
103,New York Rangers,Dylan Garand,CA,G,18,,Kamloops Blazers (WHL),,,,,,,,,,,,,,garandy01,,,,,,,,,,,,,,,,,,,,,,,,,,,,,,,,,,,,,,,,,,,,,,,,,,,,,,,,,,,,,
104,Anaheim Ducks,Thimo Nickl,AT,D,18,,Drummondville Voltigeurs (QMJHL),,,,,,,,,,,,,,nicklth01,,,,,,,,,,,,,,,,,,,,,,,,,,,,,,,,,,,,,,,,,,,,,,,,,,,,,,,,,,,,,
105,Florida Panthers,Zachary Uens,CA,D,19,,Merrimack (H-East),,,,,,,,,,,,,,uensza01,,,,,,,,,,,,,,,,,,,,,,,,,,,,,,,,,,,,,,,,,,,,,,,,,,,,,,,,,,,,,
106,Toronto Maple Leafs,Artur Akhtyamov,RU,G,18,,Irbis Kazan (Russia Jr.),,,,,,,,,,,,,,akhtyar01,,,,,,,,,,,,,,,,,,,,,,,,,,,,,,,,,,,,,,,,,,,,,,,,,,,,,,,,,,,,,
107,Detroit Red Wings,Jan Bednar,CZ,G,18,,HC Banik Sokolov (Czech-2),,,,,,,,,,,,,,bednaja02,,,,,,,,,,,,,,,,,,,,,,,,,,,,,,,,,,,,,,,,,,,,,,,,,,,,,,,,,,,,,
108,Pittsburgh Penguins,Lukas Svejkovsky,US,C,18,,Medicine Hat Tigers (WHL),,,,,,,,,,,,,,svejklu01,,,,,,,,,,,,,,,,,,,,,,,,,,,,,,,,,,,,,,,,,,,,,,,,,,,,,,,,,,,,,
109,Montreal Canadiens,Blake Biondi,US,C,18,,Hermantown HS (High-MN),,,,,,,,,,,,,,biondbl01,,,,,,,,,,,,,,,,,,,,,,,,,,,,,,,,,,,,,,,,,,,,,,,,,,,,,,,,,,,,,
110,Chicago Blackhawks,Michael Krutil,CZ,D,18,,HC Sparta Praha Jr. (Czech Jr.),,,,,,,,,,,,,,krutimi01,,,,,,,,,,,,,,,,,,,,,,,,,,,,,,,,,,,,,,,,,,,,,,,,,,,,,,,,,,,,,
111,Arizona Coyotes,Mitchell Miller,US,D,18,,Tri-City Storm (USHL),,,,,,,,,,,,,,millemi01,,,,,,,,,,,,,,,,,,,,,,,,,,,,,,,,,,,,,,,,,,,,,,,,,,,,,,,,,,,,,
112,Los Angeles Kings,Juho Markkanen,CA,G,18,,SaiPa Jr. (Finland Jr.),,,,,,,,,,,,,,markkju02,,,,,,,,,,,,,,,,,,,,,,,,,,,,,,,,,,,,,,,,,,,,,,,,,,,,,,,,,,,,,
113,Vancouver Canucks,Jackson Kunz,US,LW,18,,Shattuck-St. Mary's School (High-MN),,,,,,,,,,,,,,kunzja01,,,,,,,,,,,,,,,,,,,,,,,,,,,,,,,,,,,,,,,,,,,,,,,,,,,,,,,,,,,,,
114,Columbus Blue Jackets,Mikael Pyyhtia,FI,LW,18,2025,TPS Jr. (Finland Jr.),66,4,6,10,-18,8,,,,,,,-0.8,pyyhtmi01,NHL 82 Game Avg,NHL 82 Game Avg,NHL 82 Game Avg,NHL 82 Game Avg,,82.0,5.0,7.0,12.0,-22.0,10.0,4.0,0.0,1.0,0.0,6.0,1.0,0.0,70.0,7.1,138.0,1018,12:25,4.0,5.0,42.9,76.0,42.0,15.0,36.0,,,,,,,,,,,,,,,,,,,,,,,,,,,,,,,
115,Carolina Hurricanes,Zion Nybeck,SE,LW,18,,HV71 Jr. (Sweden Jr.),,,,,,,,,,,,,,nybeczi01,,,,,,,,,,,,,,,,,,,,,,,,,,,,,,,,,,,,,,,,,,,,,,,,,,,,,,,,,,,,,
116,Tampa Bay Lightning,Eamon Powell,US,D,18,,USA U-18 Development Team (USDP/USHL),,,,,,,,,,,,,,powelea01,,,,,,,,,,,,,,,,,,,,,,,,,,,,,,,,,,,,,,,,,,,,,,,,,,,,,,,,,,,,,
117,Washington Capitals,Bogdan Trineyev,RU,RW,18,,MHK Dynamo Moskva (Russia Jr.),,,,,,,,,,,,,,trinebo01,,,,,,,,,,,,,,,,,,,,,,,,,,,,,,,,,,,,,,,,,,,,,,,,,,,,,,,,,,,,,
118,Colorado Avalanche,Colby Ambrosio,CA,C,18,,Tri-City Storm (USHL),,,,,,,,,,,,,,ambroco01,,,,,,,,,,,,,,,,,,,,,,,,,,,,,,,,,,,,,,,,,,,,,,,,,,,,,,,,,,,,,
119,St. Louis Blues,Tanner Dickinson,US,C,18,,Soo Greyhounds (OHL),,,,,,,,,,,,,,dickita01,,,,,,,,,,,,,,,,,,,,,,,,,,,,,,,,,,,,,,,,,,,,,,,,,,,,,,,,,,,,,
120,New Jersey Devils,Ethan Edwards,CA,D,18,,Spruce Grove (AJHL),,,,,,,,,,,,,,edwaret01,,,,,,,,,,,,,,,,,,,,,,,,,,,,,,,,,,,,,,,,,,,,,,,,,,,,,,,,,,,,,
121,New York Islanders,Alex Jefferies,US,LW,18,,The Gunnery (High-CT),,,,,,,,,,,,,,jeffeal01,,,,,,,,,,,,,,,,,,,,,,,,,,,,,,,,,,,,,,,,,,,,,,,,,,,,,,,,,,,,,
122,Toronto Maple Leafs,William Villeneuve,CA,D,18,,Saint John Sea Dogs (QMJHL),,,,,,,,,,,,,,villewi01,,,,,,,,,,,,,,,,,,,,,,,,,,,,,,,,,,,,,,,,,,,,,,,,,,,,,,,,,,,,,
123,Dallas Stars,Antonio Stranges,US,LW,18,,London Knights (OHL),,,,,,,,,,,,,,stranan01,,,,,,,,,,,,,,,,,,,,,,,,,,,,,,,,,,,,,,,,,,,,,,,,,,,,,,,,,,,,,
124,Montreal Canadiens,Sean Farrell,US,C,18,2023,Chicago Steel (USHL),6,1,0,1,-2,0,,,,,,,0,farrese01,NHL 82 Game Avg,NHL 82 Game Avg,NHL 82 Game Avg,NHL 82 Game Avg,,82.0,14.0,0.0,14.0,-27.0,0.0,14.0,0.0,0.0,0.0,0.0,0.0,0.0,109.0,12.5,219.0,1134,13:52,0.0,0.0,,,,,,,27.0,0.0,14.0,27.0,,,,,,,,,,,,,,,,,,,,,,,,,,
125,Vegas Golden Knights,Jesper Vikman,SE,G,18,,AIK Jr. (Sweden Jr.),,,,,,,,,,,,,,vikmaje01,,,,,,,,,,,,,,,,,,,,,,,,,,,,,,,,,,,,,,,,,,,,,,,,,,,,,,,,,,,,,
126,Edmonton Oilers,Tyler Tullio,US,RW,18,,Oshawa Generals (OHL),,,,,,,,,,,,,,tullity01,,,,,,,,,,,,,,,,,,,,,,,,,,,,,,,,,,,,,,,,,,,,,,,,,,,,,,,,,,,,,
127,New York Rangers,Evan Vierling,CA,C,18,,Barrie Colts (OHL),,,,,,,,,,,,,,vierlev01,,,,,,,,,,,,,,,,,,,,,,,,,,,,,,,,,,,,,,,,,,,,,,,,,,,,,,,,,,,,,
128,Los Angeles Kings,Martin Chromiak,SK,RW,18,,Kingston Frontenacs (OHL),,,,,,,,,,,,,,chromma01,,,,,,,,,,,,,,,,,,,,,,,,,,,,,,,,,,,,,,,,,,,,,,,,,,,,,,,,,,,,,
129,Anaheim Ducks,Artyom Galimov,RU,LW,21,,Ak Bars Kazan (Russia),,,,,,,,,,,,,,galimar01,,,,,,,,,,,,,,,,,,,,,,,,,,,,,,,,,,,,,,,,,,,,,,,,,,,,,,,,,,,,,
130,New Jersey Devils,Artem Shlaine,RU,C,18,,Shattuck-St. Mary's School (High-MN),,,,,,,,,,,,,,shlaiar01,,,,,,,,,,,,,,,,,,,,,,,,,,,,,,,,,,,,,,,,,,,,,,,,,,,,,,,,,,,,,
131,Buffalo Sabres,Matteo Costantini,CA,C,18,,Buffalo (OJHL),,,,,,,,,,,,,,costama01,,,,,,,,,,,,,,,,,,,,,,,,,,,,,,,,,,,,,,,,,,,,,,,,,,,,,,,,,,,,,
132,Detroit Red Wings,Alex Cotton,CA,D,19,,Lethbridge Hurricanes (WHL),,,,,,,,,,,,,,cottoal01,,,,,,,,,,,,,,,,,,,,,,,,,,,,,,,,,,,,,,,,,,,,,,,,,,,,,,,,,,,,,
133,Winnipeg Jets,Anton Johannesson,SE,D,18,,HV71 Jr. (Sweden Jr.),,,,,,,,,,,,,,johanan02,,,,,,,,,,,,,,,,,,,,,,,,,,,,,,,,,,,,,,,,,,,,,,,,,,,,,,,,,,,,,
134,New York Rangers,Brett Berard,US,LW,18,2026,USA U-18 Development Team (USDP/USHL),40,6,4,10,-7,14,,,,,,,0.6,berarbr02,NHL 82 Game Avg,NHL 82 Game Avg,NHL 82 Game Avg,NHL 82 Game Avg,,82.0,12.0,8.0,21.0,-14.0,29.0,12.0,0.0,0.0,2.0,8.0,0.0,0.0,137.0,9.0,258.0,879,10:44,6.0,8.0,42.9,51.0,123.0,14.0,41.0,,,,,,,,,,,,,,,,,,,,,,,,,,,,,,,
135,Philadelphia Flyers,Elliot Desnoyers,CA,LW,,2023,Moncton Wildcats (QMJHL),4,0,0,0,-2,0,,,,,,,-0.2,desnoel02,NHL 82 Game Avg,NHL 82 Game Avg,NHL 82 Game Avg,NHL 82 Game Avg,,82.0,0.0,0.0,0.0,-41.0,0.0,0.0,0.0,0.0,0.0,0.0,0.0,0.0,62.0,0.0,144.0,1086,13:22,164.0,287.0,36.4,82.0,185.0,41.0,21.0,,,,,,,,,,,,,,,,,,,,,,,,,,,,,,,
136,Montreal Canadiens,Jakub Dobes,CZ,G,19,2026,Omaha Lancers (USHL),29,0,0,0,0,2,29,15,7,5,0.899,2.96,5,dobesja01,NHL 82 Game Avg,NHL 82 Game Avg,NHL 82 Game Avg,NHL 82 Game Avg,,,0.0,0.0,0.0,,,,,,,,,,,,,,,,,,,,,,,,,,,,82.0,77.0,44.0,19.0,14.0,224.0,2260.0,2036.0,0.901,2.92,3.0,4603,44.0,0.571,11.0,98.0,5.0,3.13,14.6,5.0,,,,,
137,Toronto Maple Leafs,Dmitry Ovchinnikov,RU,C,18,,Sibirskie Snaipery Novosibirsk (Russia Jr.),,,,,,,,,,,,,,ovchidm01,,,,,,,,,,,,,,,,,,,,,,,,,,,,,,,,,,,,,,,,,,,,,,,,,,,,,,,,,,,,,
138,Edmonton Oilers,Maksim Berezkin,RU,LW,18,,Loko Yaroslavl (Russia Jr.),,,,,,,,,,,,,,berezma01,,,,,,,,,,,,,,,,,,,,,,,,,,,,,,,,,,,,,,,,,,,,,,,,,,,,,,,,,,,,,
139,Colorado Avalanche,Ryder Rolston,US,RW,18,,Waterloo Black Hawks (USHL),,,,,,,,,,,,,,rolstry01,,,,,,,,,,,,,,,,,,,,,,,,,,,,,,,,,,,,,,,,,,,,,,,,,,,,,,,,,,,,,
140,Los Angeles Kings,Ben Meehan,US,D,19,,Cedar Rapids RoughRiders (USHL),,,,,,,,,,,,,,meehabe01,,,,,,,,,,,,,,,,,,,,,,,,,,,,,,,,,,,,,,,,,,,,,,,,,,,,,,,,,,,,,
141,Chicago Blackhawks,Isaak Phillips,CA,D,18,2025,Sudbury Wolves (OHL),56,2,10,12,-37,31,,,,,,,0.1,phillis01,NHL 82 Game Avg,NHL 82 Game Avg,NHL 82 Game Avg,NHL 82 Game Avg,,82.0,3.0,15.0,18.0,-54.0,45.0,3.0,0.0,0.0,0.0,15.0,0.0,0.0,79.0,3.7,193.0,1311,15:60,0.0,0.0,,,,,,,69.0,130.0,40.0,51.0,,,,,,,,,,,,,,,,,,,,,,,,,,
142,Arizona Coyotes,Carson Bantle,US,LW,18,,Madison Capitols (USHL),,,,,,,,,,,,,,bantlca01,,,,,,,,,,,,,,,,,,,,,,,,,,,,,,,,,,,,,,,,,,,,,,,,,,,,,,,,,,,,,
143,Calgary Flames,Ryan Francis,CA,RW,18,,Cape Breton Eagles (QMJHL),,,,,,,,,,,,,,francry01,,,,,,,,,,,,,,,,,,,,,,,,,,,,,,,,,,,,,,,,,,,,,,,,,,,,,,,,,,,,,
144,Vancouver Canucks,Jacob Truscott,US,D,18,,USA U-18 Development Team (USDP/USHL),,,,,,,,,,,,,,truscja01,,,,,,,,,,,,,,,,,,,,,,,,,,,,,,,,,,,,,,,,,,,,,,,,,,,,,,,,,,,,,
145,Columbus Blue Jackets,Ole Julian Bjorgvik-Holm,NO,D,18,,Mississauga Steelheads (OHL),,,,,,,,,,,,,,bjorgol01,,,,,,,,,,,,,,,,,,,,,,,,,,,,,,,,,,,,,,,,,,,,,,,,,,,,,,,,,,,,,
146,Minnesota Wild,Pavel Novak,CZ,RW,18,,Kelowna Rockets (WHL),,,,,,,,,,,,,,novakpa01,,,,,,,,,,,,,,,,,,,,,,,,,,,,,,,,,,,,,,,,,,,,,,,,,,,,,,,,,,,,,
147,Tampa Bay Lightning,Jaydon Dureau,CA,LW,19,,Portland Winterhawks (WHL),,,,,,,,,,,,,,dureaja01,,,,,,,,,,,,,,,,,,,,,,,,,,,,,,,,,,,,,,,,,,,,,,,,,,,,,,,,,,,,,
148,Washington Capitals,Bear Hughes,US,C,19,,Spokane Chiefs (WHL),,,,,,,,,,,,,,hughebe01,,,,,,,,,,,,,,,,,,,,,,,,,,,,,,,,,,,,,,,,,,,,,,,,,,,,,,,,,,,,,
149,Pittsburgh Penguins,Raivis Ansons,LV,RW,18,,Baie-Comeau Drakkar (QMJHL),,,,,,,,,,,,,,ansonra01,,,,,,,,,,,,,,,,,,,,,,,,,,,,,,,,,,,,,,,,,,,,,,,,,,,,,,,,,,,,,
150,St. Louis Blues,Matthew Kessel,US,D,20,2026,Massachusetts (H-East),86,3,9,12,-5,26,,,,,,,2.4,kessema01,NHL 82 Game Avg,NHL 82 Game Avg,NHL 82 Game Avg,NHL 82 Game Avg,,82.0,3.0,9.0,11.0,-5.0,25.0,3.0,0.0,0.0,1.0,9.0,0.0,0.0,54.0,5.3,159.0,1194,14:34,0.0,0.0,,,,,,,92.0,64.0,21.0,56.0,,,,,,,,,,,,,,,,,,,,,,,,,,
151,Boston Bruins,Mason Langenbrunner,US,D,18,,Eden Priarie HS (High-MN),,,,,,,,,,,,,,langema01,,,,,,,,,,,,,,,,,,,,,,,,,,,,,,,,,,,,,,,,,,,,,,,,,,,,,,,,,,,,,
152,New York Islanders,William Dufour,CA,RW,18,2023,Drummondville Voltigeurs (QMJHL),1,0,0,0,-2,0,,,,,,,-0.1,dufouwi01,NHL 82 Game Avg,NHL 82 Game Avg,NHL 82 Game Avg,NHL 82 Game Avg,,82.0,0.0,0.0,0.0,-164.0,0.0,0.0,0.0,0.0,0.0,0.0,0.0,0.0,0.0,,0.0,492,6:48,0.0,82.0,0.0,,,,,,0.0,82.0,0.0,82.0,,,,,,,,,,,,,,,,,,,,,,,,,,
153,Florida Panthers,Kasper Puutio,FI,D,18,,Everett Silvertips (WHL),,,,,,,,,,,,,,puutika01,,,,,,,,,,,,,,,,,,,,,,,,,,,,,,,,,,,,,,,,,,,,,,,,,,,,,,,,,,,,,
154,Dallas Stars,Daniel Ljungman,SE,C,18,,Linkoping HC Jr. (Sweden Jr.),,,,,,,,,,,,,,ljungda01,,,,,,,,,,,,,,,,,,,,,,,,,,,,,,,,,,,,,,,,,,,,,,,,,,,,,,,,,,,,,
155,Ottawa Senators,Eric Engstrand,SE,LW,20,,Malmo Jr. (Sweden Jr.),,,,,,,,,,,,,,engster01,,,,,,,,,,,,,,,,,,,,,,,,,,,,,,,,,,,,,,,,,,,,,,,,,,,,,,,,,,,,,
156,Detroit Red Wings,Kyle Aucoin,CA,D,18,,Tri-City Storm (USHL),,,,,,,,,,,,,,aucoiky01,,,,,,,,,,,,,,,,,,,,,,,,,,,,,,,,,,,,,,,,,,,,,,,,,,,,,,,,,,,,,
157,Tampa Bay Lightning,Nick Capone,US,RW,18,,Tri-City Storm (USHL),,,,,,,,,,,,,,caponni01,,,,,,,,,,,,,,,,,,,,,,,,,,,,,,,,,,,,,,,,,,,,,,,,,,,,,,,,,,,,,
158,Ottawa Senators,Philippe Daoust,CA,C,18,,Moncton Wildcats (QMJHL),,,,,,,,,,,,,,daousph01,,,,,,,,,,,,,,,,,,,,,,,,,,,,,,,,,,,,,,,,,,,,,,,,,,,,,,,,,,,,,
159,Carolina Hurricanes,Lucas Mercuri,CA,C,18,,Salisbury School (High-CT),,,,,,,,,,,,,,merculu01,,,,,,,,,,,,,,,,,,,,,,,,,,,,,,,,,,,,,,,,,,,,,,,,,,,,,,,,,,,,,
160,Anaheim Ducks,Albin Sundsvik,SE,C,19,,Skelleftea AIK (Sweden),,,,,,,,,,,,,,sundsal02,,,,,,,,,,,,,,,,,,,,,,,,,,,,,,,,,,,,,,,,,,,,,,,,,,,,,,,,,,,,,
161,New Jersey Devils,Benjamin Baumgartner,AT,C,20,,HC Davos (Swiss),,,,,,,,,,,,,,baumgbe01,,,,,,,,,,,,,,,,,,,,,,,,,,,,,,,,,,,,,,,,,,,,,,,,,,,,,,,,,,,,,
162,Dallas Stars,Yevgeni Oksentyuk,BY,LW,19,,Flint Firebirds (OHL),,,,,,,,,,,,,,oksenye01,,,,,,,,,,,,,,,,,,,,,,,,,,,,,,,,,,,,,,,,,,,,,,,,,,,,,,,,,,,,,
163,St. Louis Blues,Will Cranley,CA,G,18,,Ottawa 67's (OHL),,,,,,,,,,,,,,cranlwi01,,,,,,,,,,,,,,,,,,,,,,,,,,,,,,,,,,,,,,,,,,,,,,,,,,,,,,,,,,,,,
164,Winnipeg Jets,Tyrel Bauer,CA,D,18,,Seattle Thunderbirds (WHL),,,,,,,,,,,,,,bauerty01,,,,,,,,,,,,,,,,,,,,,,,,,,,,,,,,,,,,,,,,,,,,,,,,,,,,,,,,,,,,,
165,New York Rangers,Matt Rempe,CA,C,18,2026,Seattle Thunderbirds (WHL),68,5,6,11,9,145,,,,,,,1,rempema01,,,,,,,,,,,,,,,,,,,,,,,,,,,,,,,,,,,,,,,,,,,,,,,,,,,,,,,,,,,,,
166,Nashville Predators,Luke Reid,CA,D,18,,Chicago Steel (USHL),,,,,,,,,,,,,,reidlu01,,,,,,,,,,,,,,,,,,,,,,,,,,,,,,,,,,,,,,,,,,,,,,,,,,,,,,,,,,,,,
167,Colorado Avalanche,Nils Aman,SE,C,20,2026,Leksands IF Jr. (Sweden Jr.),132,8,21,29,-17,28,,,,,,,0.3,amanni01,,,,,,,,,,,,,,,,,,,,,,,,,,,,,,,,,,,,,,,,,,,,,,,,,,,,,,,,,,,,,
168,Toronto Maple Leafs,Veeti Miettinen,FI,RW,18,,Kiekko-Espoo Jr. (Finland Jr.),,,,,,,,,,,,,,miettve01,,,,,,,,,,,,,,,,,,,,,,,,,,,,,,,,,,,,,,,,,,,,,,,,,,,,,,,,,,,,,
169,Edmonton Oilers,Filip Engaras,SE,C,21,,New Hampshire (H-East),,,,,,,,,,,,,,engarfi01,,,,,,,,,,,,,,,,,,,,,,,,,,,,,,,,,,,,,,,,,,,,,,,,,,,,,,,,,,,,,
170,Pittsburgh Penguins,Chase Yoder,US,C,18,,USA U-18 Development Team (USDP/USHL),,,,,,,,,,,,,,yoderch01,,,,,,,,,,,,,,,,,,,,,,,,,,,,,,,,,,,,,,,,,,,,,,,,,,,,,,,,,,,,,
171,Montreal Canadiens,Alexander Gordin,RU,RW,19,,SKA 1946 St. Petersburg (Russia Jr.),,,,,,,,,,,,,,gordial01,,,,,,,,,,,,,,,,,,,,,,,,,,,,,,,,,,,,,,,,,,,,,,,,,,,,,,,,,,,,,
172,Chicago Blackhawks,Chad Yetman,CA,C,20,,Erie Otters (OHL),,,,,,,,,,,,,,yetmach01,,,,,,,,,,,,,,,,,,,,,,,,,,,,,,,,,,,,,,,,,,,,,,,,,,,,,,,,,,,,,
173,Arizona Coyotes,Filip Barklund,SE,C,18,,Orebro HK Jr. (Sweden Jr.),,,,,,,,,,,,,,barklfi01,,,,,,,,,,,,,,,,,,,,,,,,,,,,,,,,,,,,,,,,,,,,,,,,,,,,,,,,,,,,,
174,Calgary Flames,Rory Kerins,CA,C,18,2026,Soo Greyhounds (OHL),7,0,4,4,2,0,,,,,,,0.4,kerinro01,,,,,,,,,,,,,,,,,,,,,,,,,,,,,,,,,,,,,,,,,,,,,,,,,,,,,,,,,,,,,
175,Vancouver Canucks,Dmitry Zlodeyev,RU,C,18,,MHK Dynamo Moskva (Russia Jr.),,,,,,,,,,,,,,zlodedm01,,,,,,,,,,,,,,,,,,,,,,,,,,,,,,,,,,,,,,,,,,,,,,,,,,,,,,,,,,,,,
176,Columbus Blue Jackets,Samuel Johannesson,SE,D,19,,Rogle BK (Sweden),,,,,,,,,,,,,,johansa01,,,,,,,,,,,,,,,,,,,,,,,,,,,,,,,,,,,,,,,,,,,,,,,,,,,,,,,,,,,,,
177,Toronto Maple Leafs,Axel Rindell,FI,D,20,,Jukurit (Finland),,,,,,,,,,,,,,rindeax01,,,,,,,,,,,,,,,,,,,,,,,,,,,,,,,,,,,,,,,,,,,,,,,,,,,,,,,,,,,,,
178,Philadelphia Flyers,Connor McClennon,CA,RW,18,,Winnipeg Ice (WHL),,,,,,,,,,,,,,mccleco01,,,,,,,,,,,,,,,,,,,,,,,,,,,,,,,,,,,,,,,,,,,,,,,,,,,,,,,,,,,,,
179,Washington Capitals,Garin Bjorklund,CA,G,18,,Medicine Hat Tigers (WHL),,,,,,,,,,,,,,bjorkga01,,,,,,,,,,,,,,,,,,,,,,,,,,,,,,,,,,,,,,,,,,,,,,,,,,,,,,,,,,,,,
180,Toronto Maple Leafs,Joe Miller,US,C,18,,Blake School (High-MN),,,,,,,,,,,,,,millejo02,,,,,,,,,,,,,,,,,,,,,,,,,,,,,,,,,,,,,,,,,,,,,,,,,,,,,,,,,,,,,
181,Ottawa Senators,Cole Reinhardt,CA,LW,20,2026,Brandon Wheat Kings (WHL),36,2,4,6,-6,25,,,,,,,0.1,reinhco01,,,,,,,,,,,,,,,,,,,,,,,,,,,,,,,,,,,,,,,,,,,,,,,,,,,,,,,,,,,,,
182,Boston Bruins,Riley Duran,US,C,18,2025,Lawrence Academy (High-MA),2,0,0,0,-1,2,,,,,,,-0.1,duranri01,,,,,,,,,,,,,,,,,,,,,,,,,,,,,,,,,,,,,,,,,,,,,,,,,,,,,,,,,,,,,
183,New York Islanders,Matias Rajaniemi,FI,D,18,,Pelicans Jr. (Finland Jr.),,,,,,,,,,,,,,rajanma01,,,,,,,,,,,,,,,,,,,,,,,,,,,,,,,,,,,,,,,,,,,,,,,,,,,,,,,,,,,,,
184,Vegas Golden Knights,Noah Ellis,US,D,18,,Des Moines Buccaneers (USHL),,,,,,,,,,,,,,ellisno01,,,,,,,,,,,,,,,,,,,,,,,,,,,,,,,,,,,,,,,,,,,,,,,,,,,,,,,,,,,,,
185,Dallas Stars,Remi Poirier,CA,G,18,,Gatineau Olympiques (QMJHL),,,,,,,,,,,,,,poirire01,,,,,,,,,,,,,,,,,,,,,,,,,,,,,,,,,,,,,,,,,,,,,,,,,,,,,,,,,,,,,
186,Tampa Bay Lightning,Amir Miftakhov,RU,G,20,,Bars Kazan (Russia-2),,,,,,,,,,,,,,miftaam01,,,,,,,,,,,,,,,,,,,,,,,,,,,,,,,,,,,,,,,,,,,,,,,,,,,,,,,,,,,,,
187,Detroit Red Wings,Kienan Draper,US,RW,18,,St. Andrew's College (High-ON),,,,,,,,,,,,,,drapeki01,,,,,,,,,,,,,,,,,,,,,,,,,,,,,,,,,,,,,,,,,,,,,,,,,,,,,,,,,,,,,
188,Chicago Blackhawks,Louis Crevier,CA,D,19,2026,Chicoutimi Sagueneens (QMJHL),81,5,12,17,-17,43,,,,,,,2.6,crevilo01,,,,,,,,,,,,,,,,,,,,,,,,,,,,,,,,,,,,,,,,,,,,,,,,,,,,,,,,,,,,,
189,Toronto Maple Leafs,John Fusco,US,D,19,,Dexter Southfield School (High-MA),,,,,,,,,,,,,,fuscojo01,,,,,,,,,,,,,,,,,,,,,,,,,,,,,,,,,,,,,,,,,,,,,,,,,,,,,,,,,,,,,
190,Los Angeles Kings,Aatu Jamsen,FI,RW,18,,Pelicans Jr. (Finland Jr.),,,,,,,,,,,,,,jamseaa01,,,,,,,,,,,,,,,,,,,,,,,,,,,,,,,,,,,,,,,,,,,,,,,,,,,,,,,,,,,,,
191,Vancouver Canucks,Viktor Persson,SE,D,18,,Brynas IF Jr. (Sweden Jr.),,,,,,,,,,,,,,perssvi01,,,,,,,,,,,,,,,,,,,,,,,,,,,,,,,,,,,,,,,,,,,,,,,,,,,,,,,,,,,,,
192,Arizona Coyotes,Elliot Ekefjard,SE,RW,18,,IF Bjorkloven Jr. (Sweden Jr.),,,,,,,,,,,,,,ekefjel01,,,,,,,,,,,,,,,,,,,,,,,,,,,,,,,,,,,,,,,,,,,,,,,,,,,,,,,,,,,,,
193,Buffalo Sabres,Albert Lyckasen,SE,D,19,,Linkoping HC Jr. (Sweden Jr.),,,,,,,,,,,,,,lyckaal01,,,,,,,,,,,,,,,,,,,,,,,,,,,,,,,,,,,,,,,,,,,,,,,,,,,,,,,,,,,,,
194,St. Louis Blues,Noah Beck,CA,D,19,,Fargo Force (USHL),,,,,,,,,,,,,,beckno01,,,,,,,,,,,,,,,,,,,,,,,,,,,,,,,,,,,,,,,,,,,,,,,,,,,,,,,,,,,,,
195,Toronto Maple Leafs,Wyatt Schingoethe,US,C,18,,Waterloo Black Hawks (USHL),,,,,,,,,,,,,,schinwy01,,,,,,,,,,,,,,,,,,,,,,,,,,,,,,,,,,,,,,,,,,,,,,,,,,,,,,,,,,,,,
196,San Jose Sharks,Alex Young,CA,C,19,,Canmore (AJHL),,,,,,,,,,,,,,youngal01,,,,,,,,,,,,,,,,,,,,,,,,,,,,,,,,,,,,,,,,,,,,,,,,,,,,,,,,,,,,,
197,New York Rangers,Hugo Ollas,SE,G,18,,Linkoping HC Jr. (Sweden Jr.),,,,,,,,,,,,,,ollashu01,,,,,,,,,,,,,,,,,,,,,,,,,,,,,,,,,,,,,,,,,,,,,,,,,,,,,,,,,,,,,
198,Florida Panthers,Elliot Ekmark,SE,C,18,,Linkoping HC Jr. (Sweden Jr.),,,,,,,,,,,,,,ekmarel01,,,,,,,,,,,,,,,,,,,,,,,,,,,,,,,,,,,,,,,,,,,,,,,,,,,,,,,,,,,,,
199,Carolina Hurricanes,Alexander Pashin,RU,RW,18,,Tolpar Ufa (Russia Jr.),,,,,,,,,,,,,,pashial01,,,,,,,,,,,,,,,,,,,,,,,,,,,,,,,,,,,,,,,,,,,,,,,,,,,,,,,,,,,,,
200,Edmonton Oilers,Jeremias Lindewall,SE,RW,18,,MODO Hockey Jr. (Sweden Jr.),,,,,,,,,,,,,,lindeje01,,,,,,,,,,,,,,,,,,,,,,,,,,,,,,,,,,,,,,,,,,,,,,,,,,,,,,,,,,,,,
201,San Jose Sharks,Adam Raska,CZ,RW,18,2024,Rimouski Oceanic (QMJHL),13,0,0,0,1,7,,,,,,,-0.1,raskaad01,,,,,,,,,,,,,,,,,,,,,,,,,,,,,,,,,,,,,,,,,,,,,,,,,,,,,,,,,,,,,
202,Nashville Predators,Gunnarwolfe Fontaine,US,LW,19,,Chicago Steel (USHL),,,,,,,,,,,,,,fontagu01,,,,,,,,,,,,,,,,,,,,,,,,,,,,,,,,,,,,,,,,,,,,,,,,,,,,,,,,,,,,,
203,Detroit Red Wings,Chase Bradley,US,LW,18,2025,Omaha Lancers (USHL),2,0,0,0,0,0,,,,,,,0,bradlch01,,,,,,,,,,,,,,,,,,,,,,,,,,,,,,,,,,,,,,,,,,,,,,,,,,,,,,,,,,,,,
204,Arizona Coyotes,Ben McCartney,CA,LW,19,2022,Brandon Wheat Kings (WHL),2,0,0,0,0,4,,,,,,,0,mccarbe02,,,,,,,,,,,,,,,,,,,,,,,,,,,,,,,,,,,,,,,,,,,,,,,,,,,,,,,,,,,,,
205,Calgary Flames,Ilya Solovyov,BY,D,20,2026,Saginaw Spirit (OHL),24,0,4,4,-10,10,,,,,,,-0.1,solovil01,,,,,,,,,,,,,,,,,,,,,,,,,,,,,,,,,,,,,,,,,,,,,,,,,,,,,,,,,,,,,
206,San Jose Sharks,Linus Oberg,SE,C,20,,Orebro HK (Sweden),,,,,,,,,,,,,,obergli01,,,,,,,,,,,,,,,,,,,,,,,,,,,,,,,,,,,,,,,,,,,,,,,,,,,,,,,,,,,,,
207,Anaheim Ducks,Ethan Bowen,CA,C,18,,Chilliwack (BCHL),,,,,,,,,,,,,,bowenet01,,,,,,,,,,,,,,,,,,,,,,,,,,,,,,,,,,,,,,,,,,,,,,,,,,,,,,,,,,,,,
208,Carolina Hurricanes,Ronan Seeley,CA,D,18,,Everett Silvertips (WHL),,,,,,,,,,,,,,seelero01,,,,,,,,,,,,,,,,,,,,,,,,,,,,,,,,,,,,,,,,,,,,,,,,,,,,,,,,,,,,,
209,Nashville Predators,Chase McLane,US,C,20,,Tri-City Storm (USHL),,,,,,,,,,,,,,mclanch01,,,,,,,,,,,,,,,,,,,,,,,,,,,,,,,,,,,,,,,,,,,,,,,,,,,,,,,,,,,,,
210,San Jose Sharks,Timofey Spitserov,RU,RW,18,,Culver Military Academy (High-IN),,,,,,,,,,,,,,spitsti01,,,,,,,,,,,,,,,,,,,,,,,,,,,,,,,,,,,,,,,,,,,,,,,,,,,,,,,,,,,,,
211,Washington Capitals,Oskar Magnusson,SE,LW,18,,Malmo Jr. (Sweden Jr.),,,,,,,,,,,,,,magnuos01,,,,,,,,,,,,,,,,,,,,,,,,,,,,,,,,,,,,,,,,,,,,,,,,,,,,,,,,,,,,,
212,Florida Panthers,Devon Levi,CA,G,18,2025,Carleton Place (CCHL),39,0,0,0,0,0,39,17,17,2,0.894,3.29,5.7,levide01,,,,,,,,,,,,,,,,,,,,,,,,,,,,,,,,,,,,,,,,,,,,,,,,,,,,,,,,,,,,,
213,Toronto Maple Leafs,Ryan Tverberg,CA,C,18,,Toronto (OJHL),,,,,,,,,,,,,,tverbry01,,,,,,,,,,,,,,,,,,,,,,,,,,,,,,,,,,,,,,,,,,,,,,,,,,,,,,,,,,,,,
214,New York Islanders,Henrik Tikkanen,FI,G,19,,HIFK Jr. (Finland Jr.),,,,,,,,,,,,,,tikkahe01,,,,,,,,,,,,,,,,,,,,,,,,,,,,,,,,,,,,,,,,,,,,,,,,,,,,,,,,,,,,,
215,Vegas Golden Knights,Maxim Marushev,RU,C,21,,Bars Kazan (Russia-2),,,,,,,,,,,,,,marusma01,,,,,,,,,,,,,,,,,,,,,,,,,,,,,,,,,,,,,,,,,,,,,,,,,,,,,,,,,,,,,
216,Buffalo Sabres,Jakub Konecny,CZ,C,18,,HC Sparta Praha Jr. (Czech Jr.),,,,,,,,,,,,,,konecja01,,,,,,,,,,,,,,,,,,,,,,,,,,,,,,,,,,,,,,,,,,,,,,,,,,,,,,,,,,,,,
217,Tampa Bay Lightning,Declan McDonnell,US,RW,18,,Kitchener Rangers (OHL),,,,,,,,,,,,,,mcdonde01,,,,,,,,,,,,,,,,,,,,,,,,,,,,,,,,,,,,,,,,,,,,,,,,,,,,,,,,,,,,,
