Overall,Team,Player,Nat.,Pos,Age,To,Amateur Team,GP,G,G/PG,A,A/PG,PTS,P/PG,P/82,+/-,PIM,GP.1,W,L,T/O,SV%,GAA,PS,,Draft Year,PointShares,GPG,APG,PPG,PlusMinusPG,WeightedScore,Overall▲
11.0,Nashville Predators,Iaroslav Askarov,RU,G,18.0,2026.0,Neva St. Petersburg (Russia-2),33.0,0.0,0.0,1.0,0.0303030303030303,1.0,0.0303030303030303,2.48484848484848,0.0,0.0,33.0,15.0,13.0,3.0,0.904,2.99,6.6,askarya01,2020,0,0.0,0.030303030303030304,0.030303030303030304,0.0,0.38666265664160404,
46.0,Chicago Blackhawks,Drew Commesso,US,G,18.0,2025.0,USA U-18 Development Team (USDP/USHL),2.0,0.0,0.0,0.0,0.0,0.0,0.0,0.0,0.0,0.0,2.0,0.0,1.0,0.0,0.846,3.36,0.0,commedr01,2020,0,0.0,0.0,0.0,0.0,0.036133577981651385,
52.0,Pittsburgh Penguins,Joel Blomqvist,FI,G,18.0,2025.0,Karpat Jr. (Finland Jr.),15.0,0.0,0.0,0.0,0.0,0.0,0.0,0.0,0.0,0.0,15.0,4.0,9.0,1.0,0.885,3.81,1.9,blomqjo01,2020,0,0.0,0.0,0.0,0.0,0.28109251559251563,
71.0,Ottawa Senators,Leevi Merilainen,FI,G,18.0,2026.0,Karpat Jr. (Finland Jr.),20.0,0.0,0.0,0.0,0.0,0.0,0.0,0.0,0.0,0.0,20.0,11.0,7.0,2.0,0.905,2.62,3.4,merille01,2020,0,0.0,0.0,0.0,0.0,0.3896243093922652,
77.0,Pittsburgh Penguins,Calle Clang,SE,G,18.0,,Rogle BK Jr. (Sweden Jr.),,0.0,0.0,0.0,0.0,0.0,0.0,0.0,0.0,,,,,,0.0,0.0,,clangca01,2020,0,0.0,0.0,0.0,0.0,,
84.0,New Jersey Devils,Nicolas Daws,DE,G,19.0,2026.0,Guelph Storm (OHL),53.0,0.0,0.0,1.0,0.0188679245283019,1.0,0.0188679245283019,1.54716981132076,0.0,0.0,53.0,23.0,23.0,1.0,0.899,2.94,6.9,dawsni01,2020,0,0.0,0.018867924528301886,0.018867924528301886,0.0,0.38498071065989853,
96.0,Calgary Flames,Daniil Chechelev,RU,G,19.0,,Russike Vityazi Checkov (Russia Jr.),,0.0,0.0,0.0,0.0,0.0,0.0,0.0,0.0,,,,,,0.0,0.0,,chechda01,2020,0,0.0,0.0,0.0,0.0,,
103.0,New York Rangers,Dylan Garand,CA,G,18.0,,Kamloops Blazers (WHL),,0.0,0.0,0.0,0.0,0.0,0.0,0.0,0.0,,,,,,0.0,0.0,,garandy01,2020,0,0.0,0.0,0.0,0.0,,
106.0,Toronto Maple Leafs,Artur Akhtyamov,RU,G,18.0,,Irbis Kazan (Russia Jr.),,0.0,0.0,0.0,0.0,0.0,0.0,0.0,0.0,,,,,,0.0,0.0,,akhtyar01,2020,0,0.0,0.0,0.0,0.0,,
107.0,Detroit Red Wings,Jan Bednar,CZ,G,18.0,,HC Banik Sokolov (Czech-2),,0.0,0.0,0.0,0.0,0.0,0.0,0.0,0.0,,,,,,0.0,0.0,,bednaja02,2020,0,0.0,0.0,0.0,0.0,,
112.0,Los Angeles Kings,Juho Markkanen,CA,G,18.0,,SaiPa Jr. (Finland Jr.),,0.0,0.0,0.0,0.0,0.0,0.0,0.0,0.0,,,,,,0.0,0.0,,markkju02,2020,0,0.0,0.0,0.0,0.0,,
125.0,Vegas Golden Knights,Jesper Vikman,SE,G,18.0,,AIK Jr. (Sweden Jr.),,0.0,0.0,0.0,0.0,0.0,0.0,0.0,0.0,,,,,,0.0,0.0,,vikmaje01,2020,0,0.0,0.0,0.0,0.0,,
136.0,Montreal Canadiens,Jakub Dobes,CZ,G,19.0,2026.0,Omaha Lancers (USHL),29.0,0.0,0.0,0.0,0.0,0.0,0.0,0.0,0.0,2.0,29.0,15.0,7.0,5.0,0.899,2.96,5.0,dobesja01,2020,0,0.0,0.0,0.0,0.0,0.3848525252525253,
163.0,St. Louis Blues,Will Cranley,CA,G,18.0,,Ottawa 67's (OHL),,0.0,0.0,0.0,0.0,0.0,0.0,0.0,0.0,,,,,,0.0,0.0,,cranlwi01,2020,0,0.0,0.0,0.0,0.0,,
179.0,Washington Capitals,Garin Bjorklund,CA,G,18.0,,Medicine Hat Tigers (WHL),,0.0,0.0,0.0,0.0,0.0,0.0,0.0,0.0,,,,,,0.0,0.0,,bjorkga01,2020,0,0.0,0.0,0.0,0.0,,
185.0,Dallas Stars,Remi Poirier,CA,G,18.0,,Gatineau Olympiques (QMJHL),,0.0,0.0,0.0,0.0,0.0,0.0,0.0,0.0,,,,,,0.0,0.0,,poirire01,2020,0,0.0,0.0,0.0,0.0,,
186.0,Tampa Bay Lightning,Amir Miftakhov,RU,G,20.0,,Bars Kazan (Russia-2),,0.0,0.0,0.0,0.0,0.0,0.0,0.0,0.0,,,,,,0.0,0.0,,miftaam01,2020,0,0.0,0.0,0.0,0.0,,
197.0,New York Rangers,Hugo Ollas,SE,G,18.0,,Linkoping HC Jr. (Sweden Jr.),,0.0,0.0,0.0,0.0,0.0,0.0,0.0,0.0,,,,,,0.0,0.0,,ollashu01,2020,0,0.0,0.0,0.0,0.0,,
212.0,Florida Panthers,Devon Levi,CA,G,18.0,2025.0,Carleton Place (CCHL),39.0,0.0,0.0,0.0,0.0,0.0,0.0,0.0,0.0,0.0,39.0,17.0,17.0,2.0,0.894,3.29,5.7,levide01,2020,0,0.0,0.0,0.0,0.0,0.3809100233100233,
214.0,New York Islanders,Henrik Tikkanen,FI,G,19.0,,HIFK Jr. (Finland Jr.),,0.0,0.0,0.0,0.0,0.0,0.0,0.0,0.0,,,,,,0.0,0.0,,tikkahe01,2020,0,0.0,0.0,0.0,0.0,,
13.0,Florida Panthers,Spencer Knight,US,G,18.0,2026.0,USA U-18 Development Team (USDP/USHL),113.0,0.0,0.0,4.0,0.0353982300884956,4.0,0.0353982300884956,,0.0,0.0,113.0,57.0,38.0,14.0,0.906,2.78,20.0,knighsp01,2019,0,0.0,0.035398230088495575,0.035398230088495575,0.0,0.3888550264550265,
36.0,Carolina Hurricanes,Pyotr Kochetkov,RU,G,20.0,2026.0,HK Ryazan (Russia-2),121.0,0.0,0.0,3.0,0.0247933884297521,3.0,0.0247933884297521,,0.0,16.0,121.0,69.0,36.0,12.0,0.905,2.44,18.6,kochepy01,2019,0,0.0,0.024793388429752067,0.024793388429752067,0.0,0.3910697674418605,
37.0,Ottawa Senators,Mads Sogaard,DK,G,18.0,2025.0,Medicine Hat Tigers (WHL),29.0,0.0,0.0,1.0,0.0344827586206897,1.0,0.0344827586206897,,0.0,2.0,29.0,11.0,11.0,3.0,0.879,3.55,2.4,sogaama01,2019,0,0.0,0.034482758620689655,0.034482758620689655,0.0,0.373578021978022,
59.0,Minnesota Wild,Hunter Jones,CA,G,18.0,,Peterborough Petes (OHL),,0.0,0.0,0.0,0.0,0.0,0.0,,0.0,,,,,,0.0,0.0,,joneshu01,2019,0,0.0,0.0,0.0,0.0,,
67.0,Buffalo Sabres,Erik Portillo,SE,G,19.0,2025.0,Frolunda HC Jr. (Sweden Jr.),1.0,0.0,0.0,0.0,0.0,0.0,0.0,,0.0,0.0,1.0,1.0,0.0,0.0,0.966,1.02,0.4,portier01,2019,0,0.0,0.0,0.0,0.0,0.021795247524752478,
71.0,Tampa Bay Lightning,Hugo Alnefelt,SE,G,18.0,2022.0,HV71 Jr. (Sweden Jr.),1.0,0.0,0.0,0.0,0.0,0.0,0.0,,0.0,0.0,1.0,0.0,0.0,0.0,0.7,9.0,-0.2,alnefhu01,2019,0,0.0,0.0,0.0,0.0,0.014499999999999999,
85.0,Edmonton Oilers,Ilya Konovalov,RU,G,21.0,,Lokomotiv Yaroslavl (Russia),,0.0,0.0,0.0,0.0,0.0,0.0,,0.0,,,,,,0.0,0.0,,konovil01,2019,0,0.0,0.0,0.0,0.0,,
87.0,Los Angeles Kings,Lukas Parik,CZ,G,18.0,,Bili Tygri Liberec Jr. (Czech Jr.),,0.0,0.0,0.0,0.0,0.0,0.0,,0.0,,,,,,0.0,0.0,,pariklu01,2019,0,0.0,0.0,0.0,0.0,,
93.0,St. Louis Blues,Colten Ellis,CA,G,18.0,2026.0,Rimouski Oceanic (QMJHL),6.0,0.0,0.0,1.0,0.166666666666667,1.0,0.166666666666667,,0.0,0.0,6.0,4.0,2.0,0.0,0.898,3.13,1.2,ellisco01,2019,0,0.0,0.16666666666666666,0.16666666666666666,0.0,0.1150239225181598,
127.0,New Jersey Devils,Cole Brady,CA,G,18.0,,Janesville Jets (NAHL),,0.0,0.0,0.0,0.0,0.0,0.0,,0.0,,,,,,0.0,0.0,,bradyco01,2019,0,0.0,0.0,0.0,0.0,,
135.0,Vegas Golden Knights,Isaiah Saville,US,G,18.0,,Tri-City Storm (USHL),,0.0,0.0,0.0,0.0,0.0,0.0,,0.0,,,,,,0.0,0.0,,savilis01,2019,0,0.0,0.0,0.0,0.0,,
138.0,Montreal Canadiens,Frederik Nissen Dichow,DK,G,18.0,,Vojens IK (Denmark-2),,0.0,0.0,0.0,0.0,0.0,0.0,,0.0,,,,,,0.0,0.0,,nissefr01,2019,0,0.0,0.0,0.0,0.0,,
144.0,Winnipeg Jets,Logan Neaton,US,G,20.0,,Prince George (BCHL),,0.0,0.0,0.0,0.0,0.0,0.0,,0.0,,,,,,0.0,0.0,,neatolo01,2019,0,0.0,0.0,0.0,0.0,,
148.0,Nashville Predators,Ethan Haider,US,G,18.0,,Minnesota Magicians (NAHL),,0.0,0.0,0.0,0.0,0.0,0.0,,0.0,,,,,,0.0,0.0,,haideet01,2019,0,0.0,0.0,0.0,0.0,,
156.0,Vancouver Canucks,Arturs Silovs,LV,G,18.0,2026.0,HS Riga (Latvia),31.0,0.0,0.0,1.0,0.032258064516129,1.0,0.032258064516129,,0.0,2.0,31.0,12.0,12.0,6.0,0.887,3.08,3.8,silovar01,2019,0,0.0,0.03225806451612903,0.03225806451612903,0.0,0.37930980392156866,
167.0,Chicago Blackhawks,Dominic Basse,US,G,18.0,,Selects Academy 18U AAA (18U AAA),,0.0,0.0,0.0,0.0,0.0,0.0,,0.0,,,,,,0.0,0.0,,bassedo01,2019,0,0.0,0.0,0.0,0.0,,
169.0,Philadelphia Flyers,Roddy Ross,CA,G,19.0,,Seattle Thunderbirds (WHL),,0.0,0.0,0.0,0.0,0.0,0.0,,0.0,,,,,,0.0,0.0,,rossro01,2019,0,0.0,0.0,0.0,0.0,,
191.0,Detroit Red Wings,Carter Gylander,CA,G,18.0,,Sherwood Park (AJHL),,0.0,0.0,0.0,0.0,0.0,0.0,,0.0,,,,,,0.0,0.0,,gylanca01,2019,0,0.0,0.0,0.0,0.0,,
197.0,Minnesota Wild,Filip Lindberg,FI,G,20.0,,Massachusetts (H-East),,0.0,0.0,0.0,0.0,0.0,0.0,,0.0,,,,,,0.0,0.0,,lindbfi01,2019,0,0.0,0.0,0.0,0.0,,
202.0,Colorado Avalanche,Trent Miner,CA,G,18.0,2026.0,Vancouver Giants (WHL),4.0,0.0,0.0,0.0,0.0,0.0,0.0,,0.0,0.0,4.0,0.0,1.0,2.0,0.896,2.34,0.5,minertr01,2019,0,0.0,0.0,0.0,0.0,0.07766802395209582,
208.0,St. Louis Blues,Vadim Zherenko,RU,G,18.0,,MHK Dynamo Moskva (Russia Jr.),,0.0,0.0,0.0,0.0,0.0,0.0,,0.0,,,,,,0.0,0.0,,zhereva01,2019,0,0.0,0.0,0.0,0.0,,
214.0,Calgary Flames,Dustin Wolf,US,G,18.0,2026.0,Everett Silvertips (WHL),92.0,0.0,0.0,3.0,0.0326086956521739,3.0,0.0326086956521739,,0.0,2.0,92.0,43.0,35.0,11.0,0.903,2.82,16.5,wolfdu01,2019,0,0.0,0.03260869565217391,0.03260869565217391,0.0,0.38737801047120424,
39.0,New York Rangers,Olof Lindbom,SE,G,18.0,,Djurgardens IF Jr. (Sweden Jr.),,0.0,0.0,0.0,0.0,0.0,0.0,,0.0,,,,,,0.0,0.0,,lindbol01,2018,0,0.0,0.0,0.0,0.0,,
62.0,Edmonton Oilers,Olivier Rodrigue,CA,G,18.0,2025.0,Drummondville Voltigeurs (QMJHL),2.0,0.0,0.0,0.0,0.0,0.0,0.0,,0.0,0.0,2.0,0.0,1.0,0.0,0.862,3.1,0.1,rodriol01,2018,0,0.0,0.0,0.0,0.0,0.03691902439024391,
64.0,Colorado Avalanche,Justus Annunen,FI,G,18.0,2026.0,Karpat Jr. (Finland Jr.),60.0,0.0,0.0,1.0,0.0,1.0,0.0166666666666667,,0.0,0.0,60.0,26.0,24.0,4.0,0.889,3.1,7.2,annunju01,2018,0,0.0,0.016666666666666666,0.016666666666666666,0.0,0.3799902439024391,
72.0,New York Islanders,Jakub Skarek,CZ,G,18.0,2025.0,HC Dukla Jihlava (Czech),2.0,0.0,0.0,0.0,0.0,0.0,0.0,,0.0,0.0,2.0,0.0,1.0,0.0,0.872,3.94,0.1,skareja01,2018,0,0.0,0.0,0.0,0.0,0.036904291497975715,
84.0,Detroit Red Wings,Jesper Eliasson,SE,G,18.0,,IF Troja-Ljungby Jr. (Sweden Jr.),,0.0,0.0,0.0,0.0,0.0,0.0,,0.0,,,,,,0.0,0.0,,eliasje01,2018,0,0.0,0.0,0.0,0.0,,
85.0,Anaheim Ducks,Lukas Dostal,CZ,G,18.0,2026.0,SK Horacka Slavia Trebic (Czech-2),138.0,0.0,0.0,0.0,0.0,0.0,0.0,,0.0,10.0,138.0,53.0,63.0,14.0,0.902,3.22,25.6,dostalu01,2018,0,0.0,0.0,0.0,0.0,0.384496682464455,
107.0,St. Louis Blues,Joel Hofer,CA,G,18.0,2026.0,Swift Current Broncos (WHL),82.0,0.0,0.0,3.0,0.0,3.0,0.0365853658536585,,0.0,6.0,82.0,38.0,27.0,7.0,0.904,2.8,13.2,hoferjo01,2018,0,0.0,0.036585365853658534,0.036585365853658534,0.0,0.3879157894736842,
114.0,Arizona Coyotes,Ivan Prosvetov,RU,G,19.0,2024.0,Youngstown Phantoms (USHL),24.0,0.0,0.0,0.0,0.0,0.0,0.0,,0.0,0.0,24.0,8.0,9.0,2.0,0.881,3.7,2.0,prosviv01,2018,0,0.0,0.0,0.0,0.0,0.37367659574468093,
124.0,Washington Capitals,Mitchell Gibson,US,G,19.0,,Lone Star Brahmas (NAHL),,0.0,0.0,0.0,0.0,0.0,0.0,,0.0,,,,,,0.0,0.0,,gibsomi01,2018,0,0.0,0.0,0.0,0.0,,
136.0,New Jersey Devils,Akira Schmid,CH,G,18.0,2026.0,Langnau Jr. (Swiss Jr.),63.0,0.0,0.0,2.0,0.0,2.0,0.0317460317460317,,0.0,2.0,63.0,25.0,20.0,8.0,0.901,2.67,8.3,schmiak01,2018,0,0.0,0.031746031746031744,0.031746031746031744,0.0,0.3876479564032698,
143.0,Philadelphia Flyers,Samuel Ersson,SE,G,18.0,2026.0,Brynas IF Jr. (Sweden Jr.),118.0,0.0,0.0,0.0,0.0,0.0,0.0,,0.0,6.0,118.0,55.0,41.0,14.0,0.886,2.99,12.5,erssosa01,2018,0,0.0,0.0,0.0,0.0,0.37946265664160406,
144.0,Los Angeles Kings,David Hrenak,SK,G,20.0,,St. Cloud State (NCHC),,0.0,0.0,0.0,0.0,0.0,0.0,,0.0,,,,,,0.0,0.0,,hrenada01,2018,0,0.0,0.0,0.0,0.0,,
147.0,Anaheim Ducks,Roman Durny,SK,G,20.0,,Des Moines Buccaneers (USHL),,0.0,0.0,0.0,0.0,0.0,0.0,,0.0,,,,,,0.0,0.0,,durnyro01,2018,0,0.0,0.0,0.0,0.0,,
152.0,Tampa Bay Lightning,Magnus Chrona,SE,G,18.0,2024.0,Nacka HK Jr. (Sweden Jr.),9.0,0.0,0.0,0.0,0.0,0.0,0.0,,0.0,0.0,9.0,1.0,6.0,1.0,0.859,4.71,0.3,chronma01,2018,0,0.0,0.0,0.0,0.0,0.16250091068301228,
157.0,Ottawa Senators,Kevin Mandolese,CA,G,18.0,2023.0,Cape Breton Screaming Eagles (QMJHL),3.0,0.0,0.0,0.0,0.0,0.0,0.0,,0.0,0.0,3.0,1.0,2.0,0.0,0.916,3.29,0.8,mandoke01,2018,0,0.0,0.0,0.0,0.0,0.0584565034965035,
158.0,Arizona Coyotes,David Tendeck,CA,G,18.0,,Vancouver Giants (WHL),,0.0,0.0,0.0,0.0,0.0,0.0,,0.0,,,,,,0.0,0.0,,tendeda01,2018,0,0.0,0.0,0.0,0.0,,
160.0,Detroit Red Wings,Victor Brattstrom,SE,G,21.0,,Timra IK (Sweden-2),,0.0,0.0,0.0,0.0,0.0,0.0,,0.0,,,,,,0.0,0.0,,brattvi01,2018,0,0.0,0.0,0.0,0.0,,
162.0,Chicago Blackhawks,Alexis Gravel,DE,G,18.0,,Halifax Mooseheads (QMJHL),,0.0,0.0,0.0,0.0,0.0,0.0,,0.0,,,,,,0.0,0.0,,graveal01,2018,0,0.0,0.0,0.0,0.0,,
173.0,Columbus Blue Jackets,Veini Vehvilainen,FI,G,21.0,2021.0,Karpat (Finland),1.0,0.0,0.0,0.0,0.0,0.0,0.0,,0.0,0.0,1.0,0.0,0.0,0.0,0.75,5.63,0.0,vehvive01,2018,0,0.0,0.0,0.0,0.0,0.015754147812971346,
175.0,Los Angeles Kings,Jacob Ingham,CA,G,18.0,,Mississauga Steelheads (OHL),,0.0,0.0,0.0,0.0,0.0,0.0,,0.0,,,,,,0.0,0.0,,inghaja01,2018,0,0.0,0.0,0.0,0.0,,
176.0,San Jose Sharks,Zachary Emond,CA,G,18.0,,Rouyn-Noranda Huskies (QMJHL),,0.0,0.0,0.0,0.0,0.0,0.0,,0.0,,,,,,0.0,0.0,,emondza01,2018,0,0.0,0.0,0.0,0.0,,
184.0,Winnipeg Jets,Jared Moe,US,G,19.0,,Waterloo Black Hawks (USHL),,0.0,0.0,0.0,0.0,0.0,0.0,,0.0,,,,,,0.0,0.0,,moeja01,2018,0,0.0,0.0,0.0,0.0,,
192.0,Vancouver Canucks,Matthew Thiessen,CA,G,18.0,,Steinbach (MJHL),,0.0,0.0,0.0,0.0,0.0,0.0,,0.0,,,,,,0.0,0.0,,thiesma01,2018,0,0.0,0.0,0.0,0.0,,
197.0,Carolina Hurricanes,Jacob Kucharski,US,G,18.0,,Des Moines Buccaneers (USHL),,0.0,0.0,0.0,0.0,0.0,0.0,,0.0,,,,,,0.0,0.0,,kuchaja01,2018,0,0.0,0.0,0.0,0.0,,
202.0,Colorado Avalanche,Shamil Shmakov,RU,G,19.0,,Sibirskie Snaipery Novosibirsk (Russia Jr.),,0.0,0.0,0.0,0.0,0.0,0.0,,0.0,,,,,,0.0,0.0,,shmaksh01,2018,0,0.0,0.0,0.0,0.0,,
208.0,Vegas Golden Knights,Jordan Kooy,CA,G,18.0,,London Knights (OHL),,0.0,0.0,0.0,0.0,0.0,0.0,,0.0,,,,,,0.0,0.0,,kooyjo01,2018,0,0.0,0.0,0.0,0.0,,
209.0,Toronto Maple Leafs,Zachary Bouthillier,CA,G,18.0,,Chicoutimi Sagueneens (QMJHL),,0.0,0.0,0.0,0.0,0.0,0.0,,0.0,,,,,,0.0,0.0,,bouthza01,2018,0,0.0,0.0,0.0,0.0,,
213.0,Nashville Predators,Milan Kloucek,CZ,G,20.0,,HC Dynamo Pardubice (Czech),,0.0,0.0,0.0,0.0,0.0,0.0,,0.0,,,,,,0.0,0.0,,kloucmi01,2018,0,0.0,0.0,0.0,0.0,,
214.0,Tampa Bay Lightning,Ty Taylor,CA,G,19.0,,Vernon (BCHL),,0.0,0.0,0.0,0.0,0.0,0.0,,0.0,,,,,,0.0,0.0,,tayloty01,2018,0,0.0,0.0,0.0,0.0,,
26.0,Dallas Stars,Jake Oettinger,US,G,18.0,2026.0,Boston University (H-East),268.0,0.0,0.0,5.0,0.0,5.0,0.0186567164179104,,0.0,8.0,268.0,160.0,70.0,29.0,0.911,2.54,48.8,oettija01,2017,0,0.0,0.018656716417910446,0.018656716417910446,0.0,0.39264858757062154,
54.0,Buffalo Sabres,Ukko-Pekka Luukkonen,FI,G,18.0,2026.0,HPK Jr. (Finland Jr.),163.0,0.0,0.0,3.0,0.0,3.0,0.0184049079754601,,0.0,14.0,163.0,75.0,68.0,16.0,0.898,3.03,25.0,luukkuk01,2017,0,0.0,0.018404907975460124,0.018404907975460124,0.0,0.38401389578163775,
64.0,Vancouver Canucks,Michael Dipietro,CA,G,18.0,2022.0,Windsor Spitfires (OHL),3.0,0.0,0.0,0.0,0.0,0.0,0.0,,0.0,0.0,3.0,0.0,2.0,0.0,0.771,5.25,-0.4,dipiemi01,2017,0,0.0,0.0,0.0,0.0,0.04866,
72.0,Los Angeles Kings,Matt Villalta,CA,G,18.0,2025.0,Soo Greyhounds (OHL),3.0,0.0,0.0,0.0,0.0,0.0,0.0,,0.0,0.0,3.0,1.0,1.0,0.0,0.867,3.64,0.1,villama01,2017,0,0.0,0.0,0.0,0.0,0.05525275862068966,
78.0,Edmonton Oilers,Stuart Skinner,CA,G,18.0,2026.0,Lethbridge Hurricanes (WHL),194.0,0.0,0.0,2.0,0.0,2.0,0.0103092783505155,,0.0,0.0,194.0,107.0,62.0,17.0,0.904,2.75,31.9,skinnst01,2017,0,0.0,0.010309278350515464,0.010309278350515464,0.0,0.3882666666666667,
80.0,Philadelphia Flyers,Kirill Ustimenko,BY,G,18.0,,MHK Dynamo St. Petersburg (Russia Jr.),,0.0,0.0,0.0,0.0,0.0,0.0,,0.0,,,,,,0.0,0.0,,ustimki01,2017,0,0.0,0.0,0.0,0.0,,
86.0,Columbus Blue Jackets,Daniil Tarasov,RU,G,18.0,2026.0,Tolpar Ufa (Russia Jr.),73.0,0.0,0.0,2.0,0.0,2.0,0.0273972602739726,,0.0,0.0,73.0,21.0,38.0,7.0,0.899,3.35,12.1,tarasda02,2017,0,0.0,0.0273972602739726,0.0273972602739726,0.0,0.3825885057471265,
88.0,Detroit Red Wings,Keith Petruzzelli,US,G,18.0,,Muskegon Lumberjacks (USHL),,0.0,0.0,0.0,0.0,0.0,0.0,,0.0,,,,,,0.0,0.0,,petruke01,2017,0,0.0,0.0,0.0,0.0,,
96.0,Vegas Golden Knights,Maksim Zhukov,RU,G,18.0,,Green Bay Gamblers (USHL),,0.0,0.0,0.0,0.0,0.0,0.0,,0.0,,,,,,0.0,0.0,,zhukoma01,2017,0,0.0,0.0,0.0,0.0,,
104.0,Carolina Hurricanes,Eetu Makiniemi,FI,G,18.0,2023.0,Jokerit Jr. (Finland Jr.),2.0,0.0,0.0,0.0,0.0,0.0,0.0,,0.0,0.0,2.0,1.0,0.0,1.0,0.906,2.13,0.2,makinee01,2017,0,0.0,0.0,0.0,0.0,0.039434888178913746,
110.0,Toronto Maple Leafs,Ian Scott,CA,G,18.0,,Prince Albert Raiders (WHL),,0.0,0.0,0.0,0.0,0.0,0.0,,0.0,,,,,,0.0,0.0,,scottia01,2017,0,0.0,0.0,0.0,0.0,,
111.0,Boston Bruins,Jeremy Swayman,US,G,18.0,2026.0,Sioux Falls Stampede (USHL),208.0,0.0,0.0,1.0,0.0,1.0,0.00480769230769231,,0.0,10.0,208.0,112.0,69.0,22.0,0.91,2.6,38.6,swaymje01,2017,0,0.0,0.004807692307692308,0.004807692307692308,0.0,0.39177777777777784,
114.0,Colorado Avalanche,Petr Kvaca,CZ,G,20.0,,HC Motor Ceske Budejovice (Czech-2),,0.0,0.0,0.0,0.0,0.0,0.0,,0.0,,,,,,0.0,0.0,,kvacape01,2017,0,0.0,0.0,0.0,0.0,,
129.0,New Jersey Devils,Gilles Senn,CH,G,21.0,2020.0,HC Davos (Swiss),2.0,0.0,0.0,0.0,0.0,0.0,0.0,,0.0,0.0,2.0,0.0,1.0,0.0,0.902,3.42,0.2,senngi01,2017,0,0.0,0.0,0.0,0.0,0.038342443438914034,
153.0,Anaheim Ducks,Olle Eriksson Ek,SE,G,18.0,2023.0,Farjestad BK Jr. (Sweden Jr.),1.0,0.0,0.0,0.0,0.0,0.0,0.0,,0.0,0.0,1.0,0.0,0.0,1.0,0.872,4.69,0.1,eriksol01,2017,0,0.0,0.0,0.0,0.0,0.018318734622144114,
154.0,Nashville Predators,Tomas Vomacka,CZ,G,18.0,,Corpus Christi Ice Rays (NAHL),,0.0,0.0,0.0,0.0,0.0,0.0,,0.0,,,,,,0.0,0.0,,vomacto01,2017,0,0.0,0.0,0.0,0.0,,
161.0,Vegas Golden Knights,Jiri Patera,CZ,G,18.0,2026.0,HC Motor Ceske Budejovice Jr. (Czech Jr.),9.0,0.0,0.0,0.0,0.0,0.0,0.0,,0.0,0.0,9.0,3.0,4.0,1.0,0.892,4.01,1.4,paterji01,2017,0,0.0,0.0,0.0,0.0,0.1695420359281437,
167.0,Winnipeg Jets,Arvid Holm,SE,G,18.0,,Karlskrona HK Jr. (Sweden Jr.),,0.0,0.0,0.0,0.0,0.0,0.0,,0.0,,,,,,0.0,0.0,,holmar01,2017,0,0.0,0.0,0.0,0.0,,
183.0,Ottawa Senators,Jordan Hollett,CA,G,18.0,,Regina Pats (WHL),,0.0,0.0,0.0,0.0,0.0,0.0,,0.0,,,,,,0.0,0.0,,hollejo01,2017,0,0.0,0.0,0.0,0.0,,
194.0,Dallas Stars,Dylan Ferguson,CA,G,18.0,2023.0,Kamloops Blazers (WHL),3.0,0.0,0.0,0.0,0.0,0.0,0.0,,0.0,0.0,3.0,1.0,1.0,0.0,0.929,2.81,0.7,fergudy01,2017,0,0.0,0.0,0.0,0.0,0.05967700787401575,
199.0,Montreal Canadiens,Cayden Primeau,US,G,18.0,2026.0,Lincoln Stars (USHL),58.0,0.0,0.0,2.0,0.0,2.0,0.0344827586206897,,0.0,4.0,58.0,15.0,25.0,7.0,0.882,3.73,5.5,primeca01,2017,0,0.0,0.034482758620689655,0.034482758620689655,0.0,0.3739416490486258,
48.0,Philadelphia Flyers,Carter Hart,CA,G,18.0,2026.0,Everett Silvertips (WHL),228.0,0.0,0.0,2.0,0.0,2.0,0.0087719298245614,,0.0,4.0,228.0,97.0,93.0,29.0,0.906,2.94,36.8,hartca01,2016,0,0.0,0.008771929824561403,0.008771929824561403,0.0,0.38778071065989855,
54.0,Calgary Flames,Tyler Parsons,US,G,18.0,,London Knights (OHL),,0.0,0.0,0.0,0.0,0.0,0.0,,0.0,,,,,,0.0,0.0,,parsoty01,2016,0,0.0,0.0,0.0,0.0,,
55.0,Pittsburgh Penguins,Filip Gustavsson,SE,G,18.0,2026.0,Lulea HF Jr. (Sweden Jr.),186.0,1.0,0.00537634408602151,3.0,2.89050757312984e-05,4.0,0.021505376344086,,0.0,0.0,186.0,90.0,66.0,23.0,0.912,2.68,37.6,gustafi01,2016,0,0.005376344086021506,0.016129032258064516,0.021505376344086023,0.0,0.3919739130434783,
59.0,St. Louis Blues,Evan Fitzpatrick,CA,G,18.0,,Sherbrooke Phoenix (QMJHL),,0.0,0.0,0.0,0.0,0.0,0.0,,0.0,,,,,,0.0,0.0,,fitzpev01,2016,0,0.0,0.0,0.0,0.0,,
62.0,Toronto Maple Leafs,Joseph Woll,US,G,18.0,2026.0,USA U-18 Development Team (USDP/USHL),85.0,0.0,0.0,0.0,0.0,0.0,0.0,,0.0,2.0,85.0,51.0,30.0,3.0,0.911,2.73,17.7,wolljo01,2016,0,0.0,0.0,0.0,0.0,0.3912096514745309,
75.0,Carolina Hurricanes,Jack LaFontaine,CA,G,18.0,2022.0,Janesville Jets (NAHL),2.0,0.0,0.0,0.0,0.0,0.0,0.0,,0.0,0.0,2.0,0.0,1.0,0.0,0.78,7.2,-0.3,lafonja01,2016,0,0.0,0.0,0.0,0.0,0.03241951219512196,
83.0,Chicago Blackhawks,Wouter Peeters,BE,G,18.0,,RB Hockey Juniors (RBHS Jr.),,0.0,0.0,0.0,0.0,0.0,0.0,,0.0,,,,,,0.0,0.0,,peetewo01,2016,0,0.0,0.0,0.0,0.0,,
88.0,Tampa Bay Lightning,Connor Ingram,CA,G,19.0,2025.0,Kamloops Blazers (WHL),102.0,0.0,0.0,5.0,0.0,5.0,0.0490196078431373,,0.0,6.0,102.0,39.0,44.0,15.0,0.902,3.14,17.2,ingraco01,2016,0,0.0,0.049019607843137254,0.049019607843137254,0.0,0.3849545893719807,
105.0,New Jersey Devils,Evan Cormier,CA,G,18.0,,Saginaw Spirit (OHL),,0.0,0.0,0.0,0.0,0.0,0.0,,0.0,,,,,,0.0,0.0,,cormiev01,2016,0,0.0,0.0,0.0,0.0,,
123.0,Edmonton Oilers,Dylan Wells,CA,G,18.0,2023.0,Peterborough Petes (OHL),1.0,0.0,0.0,0.0,0.0,0.0,0.0,,0.0,0.0,1.0,0.0,0.0,0.0,0.923,3.0,0.1,wellsdy01,2016,0,0.0,0.0,0.0,0.0,0.019710000000000005,
128.0,Dallas Stars,Colton Point,CA,G,18.0,,Carleton Place (CCHL),,0.0,0.0,0.0,0.0,0.0,0.0,,0.0,,,,,,0.0,0.0,,pointco01,2016,0,0.0,0.0,0.0,0.0,,
131.0,Colorado Avalanche,Adam Werner,SE,G,19.0,2020.0,Farjestad BK Jr. (Sweden Jr.),2.0,0.0,0.0,0.0,0.0,0.0,0.0,,0.0,0.0,2.0,1.0,1.0,0.0,0.914,3.42,0.4,wernead01,2016,0,0.0,0.0,0.0,0.0,0.038822443438914035,
134.0,Carolina Hurricanes,Jeremy Helvig,CA,G,19.0,,Kingston Frontenacs (OHL),,0.0,0.0,0.0,0.0,0.0,0.0,,0.0,,,,,,0.0,0.0,,helvije01,2016,0,0.0,0.0,0.0,0.0,,
155.0,Columbus Blue Jackets,Peter Thome,US,G,19.0,,Aberdeen Wings (NAHL),,0.0,0.0,0.0,0.0,0.0,0.0,,0.0,,,,,,0.0,0.0,,thomepe01,2016,0,0.0,0.0,0.0,0.0,,
157.0,Winnipeg Jets,Mikhail Berdin,RU,G,18.0,,Team Russia Jr. (Russia Jr.),,0.0,0.0,0.0,0.0,0.0,0.0,,0.0,,,,,,0.0,0.0,,berdimi01,2016,0,0.0,0.0,0.0,0.0,,
167.0,Detroit Red Wings,Filip Larsson,SE,G,18.0,,Djurgardens IF Jr. (Sweden Jr.),,0.0,0.0,0.0,0.0,0.0,0.0,,0.0,,,,,,0.0,0.0,,larssfi01,2016,0,0.0,0.0,0.0,0.0,,
168.0,Nashville Predators,Konstantin Volkov,RU,G,18.0,,SKA 1946 St. Petersburg (Russia Jr.),,0.0,0.0,0.0,0.0,0.0,0.0,,0.0,,,,,,0.0,0.0,,volkoko02,2016,0,0.0,0.0,0.0,0.0,,
174.0,New York Rangers,Tyler Wall,CA,G,18.0,,Leamington (GOJHL),,0.0,0.0,0.0,0.0,0.0,0.0,,0.0,,,,,,0.0,0.0,,wallty01,2016,0,0.0,0.0,0.0,0.0,,
22.0,Washington Capitals,Ilya Samsonov,RU,G,18.0,2025.0,Stalnye Lisy Magnitogorsk (Russia Jr.),200.0,0.0,0.0,5.0,0.0,5.0,0.025,,0.0,6.0,200.0,118.0,48.0,25.0,0.902,2.77,28.9,samsoil01,2015,0,0.0,0.025,0.025,0.0,0.38732519893899203,
42.0,New Jersey Devils,Mackenzie Blackwood,CA,G,18.0,2026.0,Barrie Colts (OHL),259.0,0.0,0.0,2.0,0.0,2.0,0.00772200772200772,,0.0,6.0,259.0,109.0,103.0,29.0,0.906,2.93,44.8,blackma01,2015,0,0.0,0.007722007722007722,0.007722007722007722,0.0,0.3878452926208652,
70.0,Philadelphia Flyers,Felix Sandstrom,SE,G,18.0,2024.0,Brynas IF Jr. (Sweden Jr.),30.0,0.0,0.0,0.0,0.0,0.0,0.0,,0.0,0.0,30.0,4.0,18.0,4.0,0.88,3.66,2.6,sandsfe01,2015,0,0.0,0.0,0.0,0.0,0.3734592274678112,
75.0,Boston Bruins,Daniel Vladar,CZ,G,18.0,2026.0,Rytiri Kladno (Czech-2),121.0,0.0,0.0,2.0,0.0,2.0,0.0165289256198347,,0.0,6.0,121.0,59.0,39.0,17.0,0.896,2.94,16.9,vladada01,2015,0,0.0,0.01652892561983471,0.01652892561983471,0.0,0.38378071065989855,
76.0,Arizona Coyotes,Adin Hill,CA,G,19.0,2026.0,Portland Winterhawks (WHL),191.0,0.0,0.0,4.0,0.0,4.0,0.0209424083769634,,0.0,8.0,191.0,97.0,64.0,15.0,0.909,2.62,31.5,hillad01,2015,0,0.0,0.020942408376963352,0.020942408376963352,0.0,0.3912243093922652,
77.0,Florida Panthers,Sam Montembeault,CA,G,18.0,2026.0,Blainville-Boisbriand Armada (QMJHL),220.0,0.0,0.0,4.0,0.0,4.0,0.0181818181818182,,0.0,0.0,220.0,85.0,90.0,29.0,0.897,3.23,32.8,montesa01,2015,0,0.0,0.01818181818181818,0.01818181818181818,0.0,0.38244066193853427,
86.0,San Jose Sharks,Mike Robinson,US,G,18.0,,Lawrence Academy (High-MA),,0.0,0.0,0.0,0.0,0.0,0.0,,0.0,,,,,,0.0,0.0,,robinmi01,2015,0,0.0,0.0,0.0,0.0,,
90.0,Philadelphia Flyers,Matej Tomek,SK,G,18.0,,Topeka Roadrunners (NAHL),,0.0,0.0,0.0,0.0,0.0,0.0,,0.0,,,,,,0.0,0.0,,tomekma01,2015,0,0.0,0.0,0.0,0.0,,
93.0,Carolina Hurricanes,Callum Booth,CA,G,18.0,,Quebec Remparts (QMJHL),,0.0,0.0,0.0,0.0,0.0,0.0,,0.0,,,,,,0.0,0.0,,boothca01,2015,0,0.0,0.0,0.0,0.0,,
110.0,Detroit Red Wings,Joren Van Pottelberghe,CH,G,18.0,,Linkoping HC Jr. (Sweden Jr.),,0.0,0.0,0.0,0.0,0.0,0.0,,0.0,,,,,,0.0,0.0,,vanpojo01,2015,0,0.0,0.0,0.0,0.0,,
111.0,Minnesota Wild,Ales Stezka,CZ,G,18.0,2025.0,Bili Tygri Liberec Jr. (Czech Jr.),1.0,0.0,0.0,0.0,0.0,0.0,0.0,,0.0,0.0,1.0,0.0,1.0,0.0,0.87,3.09,0.1,stezkal01,2015,0,0.0,0.0,0.0,0.0,0.018622493887530563,
145.0,Nashville Predators,Karel Vejmelka,CZ,G,19.0,2026.0,HC Pardubice Jr. (Czech Jr.),218.0,0.0,0.0,4.0,0.0,4.0,0.018348623853211,,0.0,6.0,218.0,80.0,104.0,21.0,0.898,3.19,33.8,vejmeka01,2015,0,0.0,0.01834862385321101,0.01834862385321101,0.0,0.38306634844868737,
146.0,St. Louis Blues,Luke Opilka,US,G,18.0,,USA U-18 Development Team (USDP/USHL),,0.0,0.0,0.0,0.0,0.0,0.0,,0.0,,,,,,0.0,0.0,,opilklu01,2015,0,0.0,0.0,0.0,0.0,,
153.0,Tampa Bay Lightning,Kristian Oldham,US,G,18.0,,Omaha Lancers (USHL),,0.0,0.0,0.0,0.0,0.0,0.0,,0.0,,,,,,0.0,0.0,,oldhakr01,2015,0,0.0,0.0,0.0,0.0,,
163.0,Dallas Stars,Markus Ruusu,FI,G,18.0,,JYP Jr. (Finland Jr.),,0.0,0.0,0.0,0.0,0.0,0.0,,0.0,,,,,,0.0,0.0,,ruusuma01,2015,0,0.0,0.0,0.0,0.0,,
179.0,Anaheim Ducks,Garrett Metcalf,US,G,19.0,,Madison Capitols (USHL),,0.0,0.0,0.0,0.0,0.0,0.0,,0.0,,,,,,0.0,0.0,,metcaga01,2015,0,0.0,0.0,0.0,0.0,,
183.0,Arizona Coyotes,Erik Kallgren,SE,G,18.0,2023.0,Linkoping HC Jr. (Sweden Jr.),24.0,0.0,0.0,0.0,0.0,0.0,0.0,,0.0,2.0,24.0,11.0,6.0,5.0,0.892,3.04,2.6,kallger01,2015,0,0.0,0.0,0.0,0.0,0.3815524752475248,
184.0,New York Rangers,Adam Huska,SK,G,18.0,2022.0,Green Bay Gamblers (USHL),1.0,0.0,0.0,0.0,0.0,0.0,0.0,,0.0,0.0,1.0,0.0,1.0,0.0,0.821,7.04,-0.1,huskaad01,2015,0,0.0,0.0,0.0,0.0,0.017041890547263683,
188.0,Philadelphia Flyers,Ivan Fedotov,RU,G,18.0,2025.0,Reaktor Nizhnekamsk (Russia Jr.),29.0,0.0,0.0,0.0,0.0,0.0,0.0,,0.0,0.0,29.0,6.0,14.0,5.0,0.874,3.29,2.3,fedotiv01,2015,0,0.0,0.0,0.0,0.0,0.3729100233100233,
193.0,San Jose Sharks,John Kupsky,US,G,19.0,,Lone Star Brahmas (NAHL),,0.0,0.0,0.0,0.0,0.0,0.0,,0.0,,,,,,0.0,0.0,,kupskjo01,2015,0,0.0,0.0,0.0,0.0,,
199.0,Ottawa Senators,Joey Daccord,US,G,19.0,2026.0,Cushing Academy (High-MA),142.0,0.0,0.0,3.0,0.0,3.0,0.0211267605633803,,0.0,2.0,142.0,56.0,55.0,22.0,0.906,2.75,25.0,daccojo01,2015,0,0.0,0.02112676056338028,0.02112676056338028,0.0,0.3890666666666667,
205.0,Nashville Predators,Evan Smith,US,G,18.0,,Austin Bruins (NAHL),,0.0,0.0,0.0,0.0,0.0,0.0,,0.0,,,,,,0.0,0.0,,smithev01,2015,0,0.0,0.0,0.0,0.0,,
206.0,Florida Panthers,Ryan Bednard,US,G,18.0,,Johnstown Tomahawks (NAHL),,0.0,0.0,0.0,0.0,0.0,0.0,,0.0,,,,,,0.0,0.0,,bednary01,2015,0,0.0,0.0,0.0,0.0,,
208.0,Edmonton Oilers,Miroslav Svoboda,CZ,G,20.0,,HC Ocelari Triec Jr. (Czech Jr.),,0.0,0.0,0.0,0.0,0.0,0.0,,0.0,,,,,,0.0,0.0,,svobomi01,2015,0,0.0,0.0,0.0,0.0,,
34.0,Calgary Flames,Mason McDonald,CA,G,18.0,,Charlottetown Islanders (QMJHL),,0.0,0.0,0.0,0.0,0.0,0.0,,0.0,,,,,,0.0,0.0,,mcdonma01,2014,0,0.0,0.0,0.0,0.0,,
36.0,Vancouver Canucks,Thatcher Demko,US,G,18.0,2026.0,Boston College (H-East),252.0,0.0,0.0,5.0,0.0,5.0,0.0198412698412698,,0.0,6.0,252.0,131.0,93.0,20.0,0.91,2.8,47.0,demkoth01,2014,0,0.0,0.01984126984126984,0.01984126984126984,0.0,0.3903157894736843,
37.0,Carolina Hurricanes,Alex Nedeljkovic,US,G,18.0,2026.0,Plymouth Whalers (OHL),190.0,1.0,0.00526315789473684,6.0,2.77008310249307e-05,7.0,0.0368421052631579,,0.0,12.0,190.0,77.0,65.0,29.0,0.903,3.0,30.9,nedelal01,2014,0,0.005263157894736842,0.031578947368421054,0.03684210526315789,0.0,0.38620000000000004,
39.0,Washington Capitals,Vitek Vanecek,CZ,G,18.0,2026.0,Bili Tygri Liberec Jr. (Czech Jr.),196.0,0.0,0.0,6.0,0.0,6.0,0.0306122448979592,,0.0,2.0,196.0,98.0,61.0,22.0,0.901,2.84,28.4,vanecvi01,2014,0,0.0,0.030612244897959183,0.030612244897959183,0.0,0.38644166666666674,
59.0,New York Rangers,Brandon Halverson,US,G,18.0,2025.0,Soo Greyhounds (OHL),2.0,0.0,0.0,0.0,0.0,0.0,0.0,,0.0,0.0,2.0,0.0,1.0,0.0,0.8,5.11,-0.1,halvebr01,2014,0,0.0,0.0,0.0,0.0,0.03363666121112931,
61.0,Buffalo Sabres,Jonas Johansson,SE,G,18.0,2026.0,Brynas IF Jr. (Sweden Jr.),88.0,0.0,0.0,0.0,0.0,0.0,0.0,,0.0,0.0,88.0,37.0,28.0,12.0,0.89,3.27,10.6,johanjo03,2014,0,0.0,0.0,0.0,0.0,0.37941920374707266,
76.0,Columbus Blue Jackets,Elvis Merzlikins,LV,G,20.0,2026.0,HC Lugano (Swiss),254.0,0.0,0.0,6.0,0.0,6.0,0.0236220472440945,,0.0,24.0,254.0,99.0,105.0,35.0,0.901,3.21,42.1,merzlel01,2014,0,0.0,0.023622047244094488,0.023622047244094488,0.0,0.3841529691211402,
78.0,New York Islanders,Ilya Sorokin,RU,G,19.0,2026.0,Metallurg Novokuznetsk (Russia),271.0,1.0,0.003690036900369,5.0,1.36163723260849e-05,6.0,0.022140221402214,,0.0,2.0,271.0,133.0,97.0,38.0,0.915,2.58,56.6,sorokil01,2014,0,0.0036900369003690036,0.01845018450184502,0.02214022140221402,0.0,0.39393296089385477,
94.0,St. Louis Blues,Ville Husso,FI,G,19.0,2026.0,HIFK (Finland),148.0,0.0,0.0,1.0,0.0,1.0,0.00675675675675676,,0.0,4.0,148.0,73.0,47.0,19.0,0.901,3.04,22.6,hussovi01,2014,0,0.0,0.006756756756756757,0.006756756756756757,0.0,0.38515247524752483,
95.0,New York Islanders,Linus Soderstrom,SE,G,18.0,,Djurgardens IF Jr. (Sweden Jr.),,0.0,0.0,0.0,0.0,0.0,0.0,,0.0,,,,,,0.0,0.0,,soderli01,2014,0,0.0,0.0,0.0,0.0,,
109.0,Minnesota Wild,Kaapo Kahkonen,FI,G,18.0,2025.0,Blues Jr. (Finland Jr.),140.0,0.0,0.0,2.0,0.0,2.0,0.0142857142857143,,0.0,8.0,140.0,49.0,68.0,15.0,0.898,3.34,20.8,kahkoka01,2014,0,0.0,0.014285714285714285,0.014285714285714285,0.0,0.3822414746543779,
111.0,Edmonton Oilers,Zachary Nagelvoort,US,G,20.0,,Michigan (Big Ten),,0.0,0.0,0.0,0.0,0.0,0.0,,0.0,,,,,,0.0,0.0,,nagelza01,2014,0,0.0,0.0,0.0,0.0,,
115.0,Dallas Stars,Brent Moran,CA,G,18.0,,Niagara IceDogs (OHL),,0.0,0.0,0.0,0.0,0.0,0.0,,0.0,,,,,,0.0,0.0,,moranbr02,2014,0,0.0,0.0,0.0,0.0,,
118.0,New York Rangers,Igor Shesterkin,RU,G,18.0,2026.0,MHK Spartak Moskva (Russia Jr.),296.0,0.0,0.0,3.0,0.0,3.0,0.0101351351351351,,0.0,20.0,296.0,173.0,97.0,24.0,0.917,2.52,62.6,shestig01,2014,0,0.0,0.010135135135135136,0.010135135135135136,0.0,0.39520909090909095,
136.0,Detroit Red Wings,Chase Perry,US,G,18.0,,Wenatchee Wild (NAHL),,0.0,0.0,0.0,0.0,0.0,0.0,,0.0,,,,,,0.0,0.0,,perrych01,2014,0,0.0,0.0,0.0,0.0,,
150.0,Los Angeles Kings,Alec Dillon,CA,G,18.0,,Victoria (BCHL),,0.0,0.0,0.0,0.0,0.0,0.0,,0.0,,,,,,0.0,0.0,,dilloal01,2014,0,0.0,0.0,0.0,0.0,,
174.0,Colorado Avalanche,Maximilian Pajpach,SK,G,18.0,,Team Slovakia Jr. (Slovakia-2),,0.0,0.0,0.0,0.0,0.0,0.0,,0.0,,,,,,0.0,0.0,,pajpama01,2014,0,0.0,0.0,0.0,0.0,,
177.0,Montreal Canadiens,Hayden Hawkey,US,G,19.0,,Omaha Lancers (USHL),,0.0,0.0,0.0,0.0,0.0,0.0,,0.0,,,,,,0.0,0.0,,hawkeha01,2014,0,0.0,0.0,0.0,0.0,,
179.0,Chicago Blackhawks,Ivan Nalimov,RU,G,20.0,,SKA 1946 St. Petersburg (Russia Jr.),,0.0,0.0,0.0,0.0,0.0,0.0,,0.0,,,,,,0.0,0.0,,nalimiv01,2014,0,0.0,0.0,0.0,0.0,,
182.0,Florida Panthers,Hugo Fagerblom,SE,G,18.0,,Frolunda HC Jr. (Sweden Jr.),,0.0,0.0,0.0,0.0,0.0,0.0,,0.0,,,,,,0.0,0.0,,fagerhu01,2014,0,0.0,0.0,0.0,0.0,,
183.0,Edmonton Oilers,Keven Bouchard,CA,G,18.0,,Val-d'Or Foreurs (QMJHL),,0.0,0.0,0.0,0.0,0.0,0.0,,0.0,,,,,,0.0,0.0,,bouchke01,2014,0,0.0,0.0,0.0,0.0,,
36.0,Montreal Canadiens,Zachary Fucale,CA,G,18.0,2022.0,Halifax Mooseheads (QMJHL),4.0,0.0,0.0,0.0,0.0,0.0,0.0,,0.0,0.0,4.0,1.0,1.0,1.0,0.924,1.75,0.5,fucalza01,2013,0,0.0,0.0,0.0,0.0,0.08119272727272729,
44.0,Pittsburgh Penguins,Tristan Jarry,CA,G,18.0,2026.0,Edmonton Oil Kings (WHL),304.0,1.0,0.00328947368421053,11.0,1.08206371191136e-05,12.0,0.0394736842105263,,0.0,22.0,304.0,160.0,99.0,31.0,0.909,2.74,52.8,jarrytr01,2013,0,0.003289473684210526,0.03618421052631579,0.039473684210526314,0.0,0.39033796791443853,
54.0,Dallas Stars,Philippe Desrosiers,CA,G,18.0,,Rimouski Oceanic (QMJHL),,0.0,0.0,0.0,0.0,0.0,0.0,,0.0,,,,,,0.0,0.0,,desroph01,2013,0,0.0,0.0,0.0,0.0,,
59.0,Winnipeg Jets,Eric Comrie,CA,G,18.0,2026.0,Tri-City Americans (WHL),87.0,0.0,0.0,2.0,0.0,2.0,0.0229885057471264,,0.0,2.0,87.0,38.0,41.0,3.0,0.898,3.11,12.9,comrier01,2013,0,0.0,0.022988505747126436,0.022988505747126436,0.0,0.38353090024330905,
63.0,Colorado Avalanche,Spencer Martin,CA,G,18.0,2025.0,Mississauga Steelheads (OHL),66.0,0.0,0.0,0.0,0.0,0.0,0.0,,0.0,0.0,66.0,24.0,30.0,8.0,0.883,3.56,6.5,martisp01,2013,0,0.0,0.0,0.0,0.0,0.37512982456140354,
70.0,New York Islanders,Eamon McAdam,US,G,18.0,,Waterloo Black Hawks (USHL),,0.0,0.0,0.0,0.0,0.0,0.0,,0.0,,,,,,0.0,0.0,,mcadaea01,2013,0,0.0,0.0,0.0,0.0,,
78.0,Ottawa Senators,Marcus Hogberg,SE,G,18.0,2025.0,Linkoping HC Jr. (Sweden Jr.),57.0,0.0,0.0,0.0,0.0,0.0,0.0,,0.0,0.0,57.0,11.0,23.0,12.0,0.89,3.39,6.0,hogbema01,2013,0,0.0,0.0,0.0,0.0,0.37877904328018225,
92.0,Florida Panthers,Evan Cowley,CA,G,18.0,,Wichita Falls Wildcats (NAHL),,0.0,0.0,0.0,0.0,0.0,0.0,,0.0,,,,,,0.0,0.0,,cowleev01,2013,0,0.0,0.0,0.0,0.0,,
99.0,Nashville Predators,Juuse Saros,FI,G,18.0,2026.0,HPK Jr. (Finland Jr.),428.0,0.0,0.0,8.0,0.0,8.0,0.0186915887850467,,0.0,8.0,428.0,210.0,159.0,41.0,0.913,2.69,83.1,sarosju01,2013,0,0.0,0.018691588785046728,0.018691588785046728,0.0,0.39230027100271003,
106.0,New York Islanders,Stephon Williams,US,G,20.0,,Minnesota State (WCHA),,0.0,0.0,0.0,0.0,0.0,0.0,,0.0,,,,,,0.0,0.0,,willist01,2013,0,0.0,0.0,0.0,0.0,,
117.0,San Jose Sharks,Fredrik Bergvik,SE,G,18.0,,Frolunda HC Jr. (Sweden Jr.),,0.0,0.0,0.0,0.0,0.0,0.0,,0.0,,,,,,0.0,0.0,,bergvfr01,2013,0,0.0,0.0,0.0,0.0,,
124.0,Tampa Bay Lightning,Kristers Gudlevskis,LV,G,21.0,2017.0,HK Riga (Russia Jr.),3.0,0.0,0.0,0.0,0.0,0.0,0.0,,0.0,0.0,3.0,1.0,0.0,1.0,0.959,1.37,0.8,gudlekr01,2013,0,0.0,0.0,0.0,0.0,0.06386911392405063,
129.0,Buffalo Sabres,Calvin Petersen,US,G,18.0,2024.0,Waterloo Black Hawks (USHL),106.0,0.0,0.0,1.0,0.0,1.0,0.00943396226415094,,0.0,2.0,106.0,46.0,44.0,10.0,0.903,2.96,16.3,peterca01,2013,0,0.0,0.009433962264150943,0.009433962264150943,0.0,0.38645252525252527,
146.0,Los Angeles Kings,Patrik Bartosak,CZ,G,20.0,,Red Deer Rebels (WHL),,0.0,0.0,0.0,0.0,0.0,0.0,,0.0,,,,,,0.0,0.0,,bartopa01,2013,0,0.0,0.0,0.0,0.0,,
162.0,Philadelphia Flyers,Merrick Madsen,US,G,18.0,,Proctor Academy (High-NH),,0.0,0.0,0.0,0.0,0.0,0.0,,0.0,,,,,,0.0,0.0,,madseme01,2013,0,0.0,0.0,0.0,0.0,,
163.0,Phoenix Coyotes,Brendan Burke,US,G,18.0,,Portland Winterhawks (WHL),,0.0,0.0,0.0,0.0,0.0,0.0,,0.0,,,,,,0.0,0.0,,burkebr01,2013,0,0.0,0.0,0.0,0.0,,
170.0,New York Rangers,Mackenzie Skapski,CA,G,19.0,2015.0,Kootenay Ice (WHL),2.0,0.0,0.0,0.0,0.0,0.0,0.0,,0.0,0.0,2.0,2.0,0.0,0.0,0.978,0.5,0.6,skapsma01,2013,0,0.0,0.0,0.0,0.0,0.04578666666666667,
172.0,Toronto Maple Leafs,Antoine Bibeau,CA,G,19.0,2020.0,Prince Edward Island Rocket (QMJHL),4.0,0.0,0.0,0.0,0.0,0.0,0.0,,0.0,0.0,4.0,2.0,1.0,0.0,0.907,2.54,0.5,bibeaan01,2013,0,0.0,0.0,0.0,0.0,0.07820971751412431,
200.0,Minnesota Wild,Alexandre Belanger,CA,G,18.0,,Rouyn-Noranda Huskies (QMJHL),,0.0,0.0,0.0,0.0,0.0,0.0,,0.0,,,,,,0.0,0.0,,belanal02,2013,0,0.0,0.0,0.0,0.0,,
203.0,Nashville Predators,Janne Juvonen,FI,G,18.0,,Pelicans Jr. (Finland Jr.),,0.0,0.0,0.0,0.0,0.0,0.0,,0.0,,,,,,0.0,0.0,,juvonja01,2013,0,0.0,0.0,0.0,0.0,,
208.0,New Jersey Devils,Anthony Brodeur,US,G,18.0,,Shattuck-St. Mary's School (High-MN),,0.0,0.0,0.0,0.0,0.0,0.0,,0.0,,,,,,0.0,0.0,,brodean01,2013,0,0.0,0.0,0.0,0.0,,
19.0,Tampa Bay Lightning,Andrey Vasilevskiy,RU,G,18.0,2026.0,Tolpar Ufa (Russia Jr.),559.0,0.0,0.0,22.0,0.0,22.0,0.0393559928443649,,0.0,46.0,559.0,342.0,169.0,37.0,0.917,2.51,112.3,vasilan02,2012,0,0.0,0.03935599284436494,0.03935599284436494,0.0,0.3952900284900285,
24.0,Boston Bruins,Malcolm Subban,CA,G,18.0,2024.0,Belleville Bulls (OHL),87.0,0.0,0.0,0.0,0.0,0.0,0.0,,0.0,6.0,87.0,36.0,34.0,9.0,0.898,3.1,10.7,subbama01,2012,0,0.0,0.0,0.0,0.0,0.38359024390243907,
31.0,Columbus Blue Jackets,Oscar Dansk,SE,G,18.0,2021.0,Brynas IF Jr. (Sweden Jr.),6.0,0.0,0.0,0.0,0.0,0.0,0.0,,0.0,0.0,6.0,4.0,1.0,0.0,0.906,3.1,0.8,danskos01,2012,0,0.0,0.0,0.0,0.0,0.11603707317073172,
45.0,Philadelphia Flyers,Anthony Stolarz,US,G,18.0,2026.0,Corpus Christi Ice Rays (NAHL),155.0,0.0,0.0,5.0,0.0,5.0,0.032258064516129,,0.0,4.0,155.0,70.0,44.0,13.0,0.914,2.63,29.2,stolaan01,2012,0,0.0,0.03225806451612903,0.03225806451612903,0.0,0.3931482093663912,
62.0,Columbus Blue Jackets,Joonas Korpisalo,FI,G,18.0,2026.0,Jokerit Jr. (Finland Jr.),314.0,0.0,0.0,3.0,0.0,3.0,0.00955414012738854,,0.0,6.0,314.0,130.0,123.0,32.0,0.9,3.07,44.4,korpijo01,2012,0,0.0,0.009554140127388535,0.009554140127388535,0.0,0.3845700245700246,
69.0,Carolina Hurricanes,Daniel Altshuller,CA,G,18.0,,Oshawa Generals (OHL),,0.0,0.0,0.0,0.0,0.0,0.0,,0.0,,,,,,0.0,0.0,,altshda01,2012,0,0.0,0.0,0.0,0.0,,
75.0,Calgary Flames,Jon Gillies,US,G,18.0,2023.0,Indiana Ice (USHL),35.0,0.0,0.0,1.0,0.0,1.0,0.0285714285714286,,0.0,2.0,35.0,8.0,16.0,3.0,0.891,3.39,3.5,gillijo01,2012,0,0.0,0.02857142857142857,0.02857142857142857,0.0,0.37917904328018226,
76.0,Ottawa Senators,Chris Driedger,CA,G,18.0,2024.0,Calgary Hitmen (WHL),67.0,0.0,0.0,2.0,0.0,2.0,0.0298507462686567,,0.0,4.0,67.0,31.0,24.0,5.0,0.917,2.45,12.1,driedch01,2012,0,0.0,0.029850746268656716,0.029850746268656716,0.0,0.39578550724637684,
80.0,Detroit Red Wings,Jake Paterson,CA,G,18.0,,Saginaw Spirit (OHL),,0.0,0.0,0.0,0.0,0.0,0.0,,0.0,,,,,,0.0,0.0,,paterja01,2012,0,0.0,0.0,0.0,0.0,,
83.0,Pittsburgh Penguins,Matt Murray,CA,G,18.0,2026.0,Soo Greyhounds (OHL),279.0,0.0,0.0,5.0,0.0,5.0,0.017921146953405,,0.0,10.0,279.0,147.0,89.0,25.0,0.91,2.79,47.2,murrama02,2012,0,0.0,0.017921146953405017,0.017921146953405017,0.0,0.39038522427440636,
87.0,Anaheim Ducks,Frederik Andersen,DK,G,22.0,2026.0,Frolunda HC (Sweden),530.0,0.0,0.0,16.0,0.0,16.0,0.030188679245283,,0.0,30.0,530.0,313.0,141.0,55.0,0.914,2.57,95.4,anderfr01,2012,0,0.0,0.03018867924528302,0.03018867924528302,0.0,0.39361120448179276,
113.0,Pittsburgh Penguins,Sean Maguire,CA,G,19.0,,Powell River (BCHL),,0.0,0.0,0.0,0.0,0.0,0.0,,0.0,,,,,,0.0,0.0,,maguise01,2012,0,0.0,0.0,0.0,0.0,,
130.0,Winnipeg Jets,Connor Hellebuyck,US,G,19.0,2026.0,Odessa Jackalopes (NAHL),582.0,0.0,0.0,10.0,0.0,10.0,0.0171821305841924,,0.0,10.0,582.0,330.0,191.0,44.0,0.918,2.56,118.4,helleco01,2012,0,0.0,0.01718213058419244,0.01718213058419244,0.0,0.3952898876404495,
144.0,Dallas Stars,Henri Kiviaho,FI,G,18.0,,KalPa Jr. (Finland Jr.),,0.0,0.0,0.0,0.0,0.0,0.0,,0.0,,,,,,0.0,0.0,,kiviahe01,2012,0,0.0,0.0,0.0,0.0,,
146.0,St. Louis Blues,Francois Tremblay,CA,G,18.0,,Val-d'Or Foreurs (QMJHL),,0.0,0.0,0.0,0.0,0.0,0.0,,0.0,,,,,,0.0,0.0,,trembfr01,2012,0,0.0,0.0,0.0,0.0,,
159.0,Carolina Hurricanes,Collin Olson,US,G,18.0,,USA U-18 Development Team (USDP/USHL),,0.0,0.0,0.0,0.0,0.0,0.0,,0.0,,,,,,0.0,0.0,,olsonco01,2012,0,0.0,0.0,0.0,0.0,,
163.0,Buffalo Sabres,Linus Ullmark,SE,G,19.0,2026.0,MODO Hockey Jr. (Sweden Jr.),311.0,1.0,0.00321543408360129,5.0,1.03390163459849e-05,6.0,0.0192926045016077,,0.0,14.0,311.0,173.0,93.0,30.0,0.915,2.58,60.5,ullmali01,2012,0,0.003215434083601286,0.01607717041800643,0.01929260450160772,0.0,0.39393296089385477,
166.0,Ottawa Senators,Francois Brassard,CA,G,18.0,,Quebec Remparts (QMJHL),,0.0,0.0,0.0,0.0,0.0,0.0,,0.0,,,,,,0.0,0.0,,brassfr01,2012,0,0.0,0.0,0.0,0.0,,
179.0,Nashville Predators,Marek Mazanec,CZ,G,21.0,2017.0,HC Plzen 1929 (Czech),31.0,0.0,0.0,1.0,0.0,1.0,0.032258064516129,,0.0,0.0,31.0,8.0,13.0,4.0,0.895,2.98,3.0,mazanma01,2012,0,0.0,0.03225806451612903,0.03225806451612903,0.0,0.38312562814070356,
184.0,Phoenix Coyotes,Marek Langhamer,CZ,G,18.0,2018.0,HC Pardubice Jr. (Czech Jr.),2.0,0.0,0.0,0.0,0.0,0.0,0.0,,0.0,0.0,2.0,0.0,0.0,0.0,0.944,1.35,0.2,langhma01,2012,0,0.0,0.0,0.0,0.0,0.04201531914893617,
190.0,Winnipeg Jets,Jamie Phillips,CA,G,19.0,,Toronto (OJHL),,0.0,0.0,0.0,0.0,0.0,0.0,,0.0,,,,,,0.0,0.0,,phillja01,2012,0,0.0,0.0,0.0,0.0,,
191.0,Chicago Blackhawks,Brandon Whitney,CA,G,18.0,,Victoriaville Tigres (QMJHL),,0.0,0.0,0.0,0.0,0.0,0.0,,0.0,,,,,,0.0,0.0,,whitnbr01,2012,0,0.0,0.0,0.0,0.0,,
199.0,Chicago Blackhawks,Matt Tomkins,CA,G,18.0,2024.0,Sherwood Park (AJHL),6.0,0.0,0.0,0.0,0.0,0.0,0.0,,0.0,0.0,6.0,3.0,2.0,1.0,0.892,3.33,0.8,tomkima01,2012,0,0.0,0.0,0.0,0.0,0.1139684064665127,
203.0,Washington Capitals,Sergey Kostenko,RU,G,19.0,,Kuznetskie Medvedi (Russia Jr.),,0.0,0.0,0.0,0.0,0.0,0.0,,0.0,,,,,,0.0,0.0,,kostese01,2012,0,0.0,0.0,0.0,0.0,,
38.0,Nashville Predators,Magnus Hellberg,SE,G,20.0,2024.0,Almtuna IS (Sweden-2),26.0,0.0,0.0,0.0,0.0,0.0,0.0,,0.0,0.0,26.0,8.0,8.0,1.0,0.89,3.08,2.3,hellbma01,2011,0,0.0,0.0,0.0,0.0,0.3805098039215687,
39.0,Anaheim Ducks,John Gibson,US,G,18.0,2026.0,USA U-18 Development Team (USDP/USHL),520.0,0.0,0.0,8.0,0.0,8.0,0.0153846153846154,,0.0,72.0,520.0,209.0,224.0,64.0,0.909,2.91,92.2,gibsojo02,2011,0,0.0,0.015384615384615385,0.015384615384615385,0.0,0.3891754475703325,
49.0,Los Angeles Kings,Christopher Gibson,FI,G,18.0,2021.0,Chicoutimi Sagueneens (QMJHL),16.0,0.0,0.0,0.0,0.0,0.0,0.0,,0.0,0.0,16.0,4.0,5.0,3.0,0.901,3.33,1.9,gibsoch01,2011,0,0.0,0.0,0.0,0.0,0.3067957505773673,
62.0,Edmonton Oilers,Samu Perhonen,FI,G,18.0,,JYP Jr. (Finland Jr.),,0.0,0.0,0.0,0.0,0.0,0.0,,0.0,,,,,,0.0,0.0,,perhosa01,2011,0,0.0,0.0,0.0,0.0,,
71.0,Vancouver Canucks,David Honzik,CZ,G,18.0,,Victoriaville Tigres (QMJHL),,0.0,0.0,0.0,0.0,0.0,0.0,,0.0,,,,,,0.0,0.0,,honzida01,2011,0,0.0,0.0,0.0,0.0,,
88.0,St. Louis Blues,Jordan Binnington,CA,G,18.0,2026.0,Owen Sound Attack (OHL),354.0,0.0,0.0,8.0,0.0,8.0,0.0225988700564972,,0.0,63.0,354.0,179.0,122.0,41.0,0.905,2.8,58.5,binnijo01,2011,0,0.0,0.022598870056497175,0.022598870056497175,0.0,0.3883157894736843,
117.0,Washington Capitals,Steffen Soberg,NO,G,18.0,,Manglerud (Norway),,0.0,0.0,0.0,0.0,0.0,0.0,,0.0,,,,,,0.0,0.0,,soberst01,2011,0,0.0,0.0,0.0,0.0,,
132.0,St. Louis Blues,Niklas Lundstrom,SE,G,18.0,,AIK Jr. (Sweden Jr.),,0.0,0.0,0.0,0.0,0.0,0.0,,0.0,,,,,,0.0,0.0,,lundsni01,2011,0,0.0,0.0,0.0,0.0,,
157.0,Winnipeg Jets,Jason Kasdorf,CA,G,19.0,2016.0,Portage (MJHL),1.0,0.0,0.0,0.0,0.0,0.0,0.0,,0.0,0.0,1.0,0.0,1.0,0.0,0.867,4.0,0.0,kasdoja01,2011,0,0.0,0.0,0.0,0.0,0.018340000000000002,
161.0,Minnesota Wild,Steve Michalek,US,G,18.0,,Loomis-Chaffee (High-CT),,0.0,0.0,0.0,0.0,0.0,0.0,,0.0,,,,,,0.0,0.0,,michast01,2011,0,0.0,0.0,0.0,0.0,,
163.0,Carolina Hurricanes,Matt Mahalak,US,G,18.0,,Plymouth Whalers (OHL),,0.0,0.0,0.0,0.0,0.0,0.0,,0.0,,,,,,0.0,0.0,,mahalma01,2011,0,0.0,0.0,0.0,0.0,,
164.0,Calgary Flames,Laurent Brossoit,CA,G,18.0,2024.0,Edmonton Oil Kings (WHL),140.0,0.0,0.0,1.0,0.0,1.0,0.00714285714285714,,0.0,2.0,140.0,64.0,46.0,13.0,0.911,2.64,22.2,brossla01,2011,0,0.0,0.007142857142857143,0.007142857142857143,0.0,0.39187252747252754,
167.0,Buffalo Sabres,Nathan Lieuwen,CA,G,20.0,2014.0,Kootenay Ice (WHL),7.0,0.0,0.0,0.0,0.0,0.0,0.0,,0.0,0.0,7.0,1.0,4.0,0.0,0.906,2.97,1.0,lieuwna01,2011,0,0.0,0.0,0.0,0.0,0.13565612090680101,
178.0,Tampa Bay Lightning,Adam Wilcox,US,G,18.0,2018.0,Green Bay Gamblers (USHL),1.0,0.0,0.0,0.0,0.0,0.0,0.0,,0.0,0.0,1.0,0.0,1.0,0.0,1.0,0.0,0.2,wilcoad01,2011,0,0.0,0.0,0.0,0.0,0.025,
181.0,Boston Bruins,Lars Volden,NO,G,19.0,,Blues Jr. (Finland Jr.),,0.0,0.0,0.0,0.0,0.0,0.0,,0.0,,,,,,0.0,0.0,,voldela01,2011,0,0.0,0.0,0.0,0.0,,
182.0,Edmonton Oilers,Frans Tuohimaa,FI,G,20.0,,Jokerit Jr. (Finland Jr.),,0.0,0.0,0.0,0.0,0.0,0.0,,0.0,,,,,,0.0,0.0,,tuohifr01,2011,0,0.0,0.0,0.0,0.0,,
188.0,Columbus Blue Jackets,Anton Forsberg,SE,G,18.0,2026.0,MODO Hockey Jr. (Sweden Jr.),198.0,0.0,0.0,2.0,0.0,2.0,0.0101010101010101,,0.0,8.0,198.0,78.0,83.0,16.0,0.904,3.02,30.5,forsban01,2011,0,0.0,0.010101010101010102,0.010101010101010102,0.0,0.3864756218905473,
190.0,Toronto Maple Leafs,Garret Sparks,US,G,18.0,2022.0,Guelph Storm (OHL),40.0,0.0,0.0,0.0,0.0,0.0,0.0,,0.0,0.0,40.0,15.0,18.0,2.0,0.899,3.05,4.7,sparkga01,2011,0,0.0,0.0,0.0,0.0,0.3842913580246914,
211.0,Chicago Blackhawks,Johan Mattsson,SE,G,19.0,,Sodertalje SK Jr. (Sweden Jr.),,0.0,0.0,0.0,0.0,0.0,0.0,,0.0,,,,,,0.0,0.0,,mattsjo01,2011,0,0.0,0.0,0.0,0.0,,
,Dallas Stars,Jack Campbell,US,G,18.0,2024.0,USA U-18 Development Team (USDP/USHL),176.0,0.0,0.0,3.0,0.0,3.0,0.0170454545454545,,0.0,2.0,176.0,93.0,52.0,18.0,0.909,2.76,29.1,campbja01,2010,0,0.0,0.017045454545454544,0.017045454545454544,0.0,0.3901957446808511,11.0
,Phoenix Coyotes,Mark Visentin,CA,G,18.0,2014.0,Niagara IceDogs (OHL),1.0,0.0,0.0,0.0,0.0,0.0,0.0,,0.0,0.0,1.0,0.0,1.0,0.0,0.906,3.06,0.2,visenma01,2010,0,0.0,0.0,0.0,0.0,0.019351527093596062,27.0
,Colorado Avalanche,Calvin Pickard,CA,G,18.0,2026.0,Seattle Thunderbirds (WHL),184.0,0.0,0.0,4.0,0.0,4.0,0.0217391304347826,,0.0,6.0,184.0,71.0,74.0,14.0,0.901,2.95,24.6,pickaca01,2010,0,0.0,0.021739130434782608,0.021739130434782608,0.0,0.3857164556962026,49.0
,Chicago Blackhawks,Kent Simpson,CA,G,18.0,2014.0,Everett Silvertips (WHL),1.0,0.0,0.0,0.0,0.0,0.0,0.0,,0.0,0.0,1.0,,,,0.714,6.0,-0.1,simpske01,2010,0,0.0,0.0,0.0,0.0,0.014994285714285717,58.0
,New Jersey Devils,Scott Wedgewood,CA,G,18.0,2026.0,Plymouth Whalers (OHL),173.0,0.0,0.0,1.0,0.0,1.0,0.00578034682080925,,0.0,2.0,173.0,75.0,55.0,27.0,0.908,2.79,29.4,wedgesc01,2010,0,0.0,0.005780346820809248,0.005780346820809248,0.0,0.38958522427440634,84.0
,Florida Panthers,Sam Brittain,CA,G,18.0,,Canmore (AJHL),,0.0,0.0,0.0,0.0,0.0,0.0,,0.0,,,,,,0.0,0.0,,brittsa01,2010,0,0.0,0.0,0.0,0.0,,92.0
,Columbus Blue Jackets,Mathieu Corbeil,CA,G,18.0,,Halifax Mooseheads (QMJHL),,0.0,0.0,0.0,0.0,0.0,0.0,,0.0,,,,,,0.0,0.0,,corbema01,2010,0,0.0,0.0,0.0,0.0,,102.0
,Colorado Avalanche,Sami Aittokallio,FI,G,18.0,2014.0,Ilves Jr. (Finland Jr.),2.0,0.0,0.0,0.0,0.0,0.0,0.0,,0.0,0.0,2.0,0.0,1.0,0.0,0.884,3.36,0.1,aittosa01,2010,0,0.0,0.0,0.0,0.0,0.037653577981651386,107.0
,Washington Capitals,Philipp Grubauer,DE,G,18.0,2026.0,Windsor Spitfires (OHL),376.0,0.0,0.0,6.0,0.0,6.0,0.0159574468085106,,0.0,6.0,376.0,170.0,139.0,34.0,0.908,2.64,57.3,grubaph01,2010,0,0.0,0.015957446808510637,0.015957446808510637,0.0,0.3906725274725275,112.0
,Edmonton Oilers,Tyler Bunz,CA,G,18.0,2015.0,Medicine Hat Tigers (WHL),1.0,0.0,0.0,0.0,0.0,0.0,0.0,,0.0,0.0,1.0,0.0,0.0,0.0,0.75,9.0,-0.2,bunzty01,2010,0,0.0,0.0,0.0,0.0,0.015500000000000003,121.0
,Atlanta Thrashers,Fredrik Pettersson-Wentzel,SE,G,19.0,,Almtuna IS (Sweden-2),,0.0,0.0,0.0,0.0,0.0,0.0,,0.0,,,,,,0.0,0.0,,pettefr02,2010,0,0.0,0.0,0.0,0.0,,128.0
,Phoenix Coyotes,Louis Domingue,CA,G,18.0,2025.0,Quebec Remparts (QMJHL),144.0,0.0,0.0,2.0,0.0,2.0,0.0138888888888889,,0.0,6.0,144.0,61.0,60.0,10.0,0.906,3.01,20.9,dominlo01,2010,0,0.0,0.013888888888888888,0.013888888888888888,0.0,0.3873376558603492,138.0
,Detroit Red Wings,Petr Mrazek,CZ,G,18.0,2026.0,Ottawa 67's (OHL),435.0,0.0,0.0,5.0,0.0,5.0,0.0114942528735632,,0.0,32.0,435.0,183.0,179.0,40.0,0.905,2.86,66.6,mrazepe01,2010,0,0.0,0.011494252873563218,0.011494252873563218,0.0,0.38790673575129536,141.0
,Minnesota Wild,Johan Gustafsson,SE,G,18.0,,Farjestad BK (Sweden),,0.0,0.0,0.0,0.0,0.0,0.0,,0.0,,,,,,0.0,0.0,,gustajo02,2010,0,0.0,0.0,0.0,0.0,,159.0
,Boston Bruins,Zane Gothberg,US,G,18.0,2017.0,Thief River Falls HS (High-MN),8.0,0.0,0.0,0.0,0.0,0.0,0.0,,0.0,0.0,8.0,0.0,4.0,1.0,0.858,3.97,-0.1,mcintza01,2010,0,0.0,0.0,0.0,0.0,0.1453282897384306,165.0
,New Jersey Devils,Maxime Clermont,CA,G,18.0,,Gatineau Olympiques (QMJHL),,0.0,0.0,0.0,0.0,0.0,0.0,,0.0,,,,,,0.0,0.0,,clermma01,2010,0,0.0,0.0,0.0,0.0,,174.0
,Vancouver Canucks,Jonathan Iilahti,FI,G,18.0,,Blues Jr. (Finland Jr.),,0.0,0.0,0.0,0.0,0.0,0.0,,0.0,,,,,,0.0,0.0,,iilahjo01,2010,0,0.0,0.0,0.0,0.0,,175.0
,Columbus Blue Jackets,Martin Ouellette,CA,G,18.0,,Kimball Union Academy (High-NH),,0.0,0.0,0.0,0.0,0.0,0.0,,0.0,,,,,,0.0,0.0,,ouellma02,2010,0,0.0,0.0,0.0,0.0,,184.0
,New York Islanders,Cody Rosen,CA,G,19.0,,Clarkson (ECAC),,0.0,0.0,0.0,0.0,0.0,0.0,,0.0,,,,,,0.0,0.0,,rosenco01,2010,0,0.0,0.0,0.0,0.0,,185.0
,Carolina Hurricanes,Frederik Andersen,DK,G,20.0,2026.0,Frederikshavn (Denmark),530.0,0.0,0.0,16.0,0.0,16.0,0.030188679245283,,0.0,30.0,530.0,313.0,141.0,55.0,0.914,2.57,95.4,anderfr01,2010,0,0.0,0.03018867924528302,0.03018867924528302,0.0,0.39361120448179276,187.0
,Chicago Blackhawks,Mac Carruth,US,G,18.0,,Portland Winterhawks (WHL),,0.0,0.0,0.0,0.0,0.0,0.0,,0.0,,,,,,0.0,0.0,,carruma01,2010,0,0.0,0.0,0.0,0.0,,191.0
31.0,New York Islanders,Mikko Koskinen,FI,G,21.0,2022.0,Blues (Finland),168.0,0.0,0.0,4.0,0.0,4.0,0.0238095238095238,,0.0,6.0,168.0,85.0,60.0,13.0,0.906,3.01,26.6,koskimi01,2009,0,0.0,0.023809523809523808,0.023809523809523808,0.0,0.3873376558603492,
46.0,Ottawa Senators,Robin Lehner,SE,G,18.0,2022.0,Frolunda HC Jr. (Sweden Jr.),364.0,0.0,0.0,6.0,0.0,6.0,0.0164835164835165,,0.0,36.0,364.0,152.0,141.0,49.0,0.917,2.71,70.5,lehnero01,2009,0,0.0,0.016483516483516484,0.016483516483516484,0.0,0.39375417789757416,
62.0,New York Islanders,Anders Nilsson,SE,G,19.0,2020.0,Lulea HF Jr. (Sweden Jr.),161.0,0.0,0.0,3.0,0.0,3.0,0.0186335403726708,,0.0,6.0,161.0,59.0,74.0,15.0,0.907,3.06,25.2,nilssan01,2009,0,0.0,0.018633540372670808,0.018633540372670808,0.0,0.38743054187192116,
76.0,Anaheim Ducks,Igor Bobkov,RU,G,18.0,,Metallurg Magnitogorsk 2 (Russia-3),,0.0,0.0,0.0,0.0,0.0,0.0,,0.0,,,,,,0.0,0.0,,bobkoig01,2009,0,0.0,0.0,0.0,0.0,,
77.0,Minnesota Wild,Matt Hackett,CA,G,19.0,2015.0,Plymouth Whalers (OHL),26.0,0.0,0.0,0.0,0.0,0.0,0.0,,0.0,0.0,26.0,4.0,17.0,2.0,0.906,3.11,3.6,hackema01,2009,0,0.0,0.0,0.0,0.0,0.3867309002433091,
81.0,Philadelphia Flyers,Adam Morrison,CA,G,18.0,,Saskatoon Blades (WHL),,0.0,0.0,0.0,0.0,0.0,0.0,,0.0,,,,,,0.0,0.0,,morriad01,2009,0,0.0,0.0,0.0,0.0,,
91.0,Phoenix Coyotes,Mike Lee,US,G,18.0,,Fargo Force (USHL),,0.0,0.0,0.0,0.0,0.0,0.0,,0.0,,,,,,0.0,0.0,,leemi01,2009,0,0.0,0.0,0.0,0.0,,
95.0,Los Angeles Kings,Jean-Francois Berube,CA,G,18.0,2022.0,Montreal Juniors (QMJHL),40.0,0.0,0.0,1.0,0.0,1.0,0.025,,0.0,0.0,40.0,12.0,12.0,4.0,0.898,3.51,4.5,berubje02,2009,0,0.0,0.025,0.025,0.0,0.3813729490022173,
117.0,Atlanta Thrashers,Eddie Pasquale,CA,G,18.0,2019.0,Saginaw Spirit (OHL),3.0,0.0,0.0,0.0,0.0,0.0,0.0,,0.0,0.0,3.0,2.0,1.0,0.0,0.882,3.96,0.3,pasqued01,2009,0,0.0,0.0,0.0,0.0,0.055944193548387096,
124.0,Colorado Avalanche,Kieran Millan,CA,G,20.0,,Boston University (H-East),,0.0,0.0,0.0,0.0,0.0,0.0,,0.0,,,,,,0.0,0.0,,millaki01,2009,0,0.0,0.0,0.0,0.0,,
133.0,Edmonton Oilers,Olivier Roy,CA,G,18.0,,Cape Breton Screaming Eagles (QMJHL),,0.0,0.0,0.0,0.0,0.0,0.0,,0.0,,,,,,0.0,0.0,,royol01,2009,0,0.0,0.0,0.0,0.0,,
140.0,New York Rangers,Scott Stajcer,CA,G,18.0,,Owen Sound Attack (OHL),,0.0,0.0,0.0,0.0,0.0,0.0,,0.0,,,,,,0.0,0.0,,stajcsc01,2009,0,0.0,0.0,0.0,0.0,,
142.0,Philadelphia Flyers,Nic Riopel,CA,G,20.0,,Moncton Wildcats (QMJHL),,0.0,0.0,0.0,0.0,0.0,0.0,,0.0,,,,,,0.0,0.0,,riopeni01,2009,0,0.0,0.0,0.0,0.0,,
148.0,Tampa Bay Lightning,Michael Zador,CA,G,18.0,,Oshawa Generals (OHL),,0.0,0.0,0.0,0.0,0.0,0.0,,0.0,,,,,,0.0,0.0,,zadormi01,2009,0,0.0,0.0,0.0,0.0,,
154.0,Colorado Avalanche,Brandon Maxwell,US,G,18.0,,USA National Jr. Team (USDP/NAHL),,0.0,0.0,0.0,0.0,0.0,0.0,,0.0,,,,,,0.0,0.0,,maxwebr03,2009,0,0.0,0.0,0.0,0.0,,
161.0,Minnesota Wild,Darcy Kuemper,CA,G,19.0,2026.0,Red Deer Rebels (WHL),457.0,0.0,0.0,6.0,0.0,6.0,0.0131291028446389,,0.0,52.0,457.0,217.0,151.0,58.0,0.914,2.53,83.1,kuempda01,2009,0,0.0,0.01312910284463895,0.01312910284463895,0.0,0.39392861189801703,
162.0,Tampa Bay Lightning,Jaroslav Janus,SK,G,19.0,,Erie Otters (OHL),,0.0,0.0,0.0,0.0,0.0,0.0,,0.0,,,,,,0.0,0.0,,janusja01,2009,0,0.0,0.0,0.0,0.0,,
164.0,Buffalo Sabres,Connor Knapp,US,G,19.0,2014.0,Miami (Ohio) (CCHA),2.0,0.0,0.0,1.0,0.0,1.0,0.5,,0.0,0.0,2.0,0.0,0.0,1.0,0.875,3.14,0.0,knappco01,2009,0,0.0,0.5,0.5,0.0,0.037415458937198075,
171.0,Calgary Flames,Joni Ortio,FI,G,18.0,2016.0,TPS Jr. (Finland Jr.),37.0,0.0,0.0,2.0,0.0,2.0,0.0540540540540541,,0.0,2.0,37.0,15.0,15.0,5.0,0.901,2.66,4.0,ortiojo01,2009,0,0.0,0.05405405405405406,0.05405405405405406,0.0,0.38772240437158473,
173.0,Vancouver Canucks,Joe Cannata,US,G,19.0,,Merrimack (H-East),,0.0,0.0,0.0,0.0,0.0,0.0,,0.0,,,,,,0.0,0.0,,cannajo01,2009,0,0.0,0.0,0.0,0.0,,
211.0,Montreal Canadiens,Petteri Simila,FI,G,19.0,,Karpat Jr. (Finland Jr.),,0.0,0.0,0.0,0.0,0.0,0.0,,0.0,,,,,,0.0,0.0,,similpe01,2009,0,0.0,0.0,0.0,0.0,,
18.0,Nashville Predators,Chet Pickard,CA,G,18.0,,Tri-City Americans (WHL),,0.0,0.0,0.0,0.0,0.0,0.0,,0.0,,,,,,0.0,0.0,,pickach01,2008,0,0.0,0.0,0.0,0.0,,
30.0,Detroit Red Wings,Thomas McCollum,US,G,18.0,2015.0,Guelph Storm (OHL),3.0,0.0,0.0,0.0,0.0,0.0,0.0,,0.0,0.0,3.0,1.0,0.0,0.0,0.879,2.98,0.1,mccolth01,2008,0,0.0,0.0,0.0,0.0,0.056508844221105525,
31.0,Florida Panthers,Jacob Markstrom,SE,G,18.0,2026.0,Brynas IF Jr. (Sweden Jr.),546.0,0.0,0.0,21.0,0.0,21.0,0.0384615384615385,,0.0,48.0,546.0,248.0,216.0,64.0,0.908,2.72,87.5,marksja02,2008,0,0.0,0.038461538461538464,0.038461538461538464,0.0,0.3900817204301075,
34.0,St. Louis Blues,Jake Allen,CA,G,18.0,2026.0,St. John's Fog Devils (QMJHL),474.0,0.0,0.0,6.0,0.0,6.0,0.0126582278481013,,0.0,14.0,474.0,216.0,189.0,43.0,0.908,2.75,74.8,allenja01,2008,0,0.0,0.012658227848101266,0.012658227848101266,0.0,0.3898666666666667,
59.0,Dallas Stars,Tyler Beskorowany,CA,G,18.0,,Owen Sound Attack (OHL),,0.0,0.0,0.0,0.0,0.0,0.0,,0.0,,,,,,0.0,0.0,,beskoty01,2008,0,0.0,0.0,0.0,0.0,,
61.0,Colorado Avalanche,Peter Delmas,CA,G,18.0,,Lewiston MAINEiacs (QMJHL),,0.0,0.0,0.0,0.0,0.0,0.0,,0.0,,,,,,0.0,0.0,,delmape01,2008,0,0.0,0.0,0.0,0.0,,
77.0,Boston Bruins,Michael Hutchinson,CA,G,18.0,2024.0,Barrie Colts (OHL),154.0,0.0,0.0,2.0,0.0,2.0,0.012987012987013,,0.0,0.0,154.0,57.0,62.0,18.0,0.902,2.94,19.4,hutchmi01,2008,0,0.0,0.012987012987012988,0.012987012987012988,0.0,0.3861807106598985,
83.0,Anaheim Ducks,Marco Cousineau,CA,G,18.0,,Baie-Comeau Drakkar (QMJHL),,0.0,0.0,0.0,0.0,0.0,0.0,,0.0,,,,,,0.0,0.0,,cousima02,2008,0,0.0,0.0,0.0,0.0,,
84.0,Philadelphia Flyers,Jacob Deserres,CA,G,18.0,,Seattle Thunderbirds (WHL),,0.0,0.0,0.0,0.0,0.0,0.0,,0.0,,,,,,0.0,0.0,,deserja01,2008,0,0.0,0.0,0.0,0.0,,
93.0,Washington Capitals,Braden Holtby,CA,G,18.0,2022.0,Saskatoon Blades (WHL),513.0,0.0,0.0,12.0,0.0,12.0,0.0233918128654971,,0.0,27.0,513.0,299.0,143.0,50.0,0.915,2.59,91.4,holtbbr01,2008,0,0.0,0.023391812865497075,0.023391812865497075,0.0,0.3938551532033427,
106.0,San Jose Sharks,Harri Sateri,FI,G,18.0,2022.0,Tappara Jr. (Finland Jr.),15.0,0.0,0.0,0.0,0.0,0.0,0.0,,0.0,0.0,15.0,6.0,6.0,1.0,0.895,3.41,1.7,saterha01,2008,0,0.0,0.0,0.0,0.0,0.28550680272108847,
116.0,Montreal Canadiens,Jason Missiaen,CA,G,18.0,,Peterborough Petes (OHL),,0.0,0.0,0.0,0.0,0.0,0.0,,0.0,,,,,,0.0,0.0,,missija01,2008,0,0.0,0.0,0.0,0.0,,
122.0,Tampa Bay Lightning,Dustin Tokarski,CA,G,18.0,2025.0,Spokane Chiefs (WHL),86.0,0.0,0.0,3.0,0.0,3.0,0.0348837209302326,,0.0,2.0,86.0,27.0,36.0,12.0,0.902,3.08,12.1,tokardu01,2008,0,0.0,0.03488372093023256,0.03488372093023256,0.0,0.38530980392156866,
126.0,New York Islanders,Kevin Poulin,CA,G,18.0,2015.0,Victoriaville Tigres (QMJHL),50.0,0.0,0.0,1.0,0.0,1.0,0.02,,0.0,0.0,50.0,18.0,25.0,3.0,0.899,3.07,6.0,poulike01,2008,0,0.0,0.02,0.02,0.0,0.3841700245700246,
150.0,Pittsburgh Penguins,Alexander Pechurski,RU,G,18.0,2010.0,Metallurg Magnitogorsk 2 (Russia-3),1.0,0.0,0.0,0.0,0.0,0.0,0.0,,0.0,0.0,1.0,0.0,0.0,0.0,0.923,1.69,0.1,pechual01,2008,0,0.0,0.0,0.0,0.0,0.020318736059479557,
154.0,Atlanta Thrashers,Chris Carrozzi,CA,G,18.0,,Mississauga St. Michael's Majors (OHL),,0.0,0.0,0.0,0.0,0.0,0.0,,0.0,,,,,,0.0,0.0,,carroch01,2008,0,0.0,0.0,0.0,0.0,,
158.0,Toronto Maple Leafs,Grant Rollheiser,CA,G,19.0,,Trail (BCHL),,0.0,0.0,0.0,0.0,0.0,0.0,,0.0,,,,,,0.0,0.0,,rollhgr01,2008,0,0.0,0.0,0.0,0.0,,
165.0,Carolina Hurricanes,Mike Murphy,CA,G,19.0,2012.0,Belleville Bulls (OHL),2.0,0.0,0.0,0.0,0.0,0.0,0.0,,0.0,0.0,2.0,0.0,1.0,0.0,1.0,0.0,0.1,murphmi02,2008,0,0.0,0.0,0.0,0.0,0.05,
180.0,Pittsburgh Penguins,Patrick Killeen,CA,G,18.0,,Brampton Battalion (OHL),,0.0,0.0,0.0,0.0,0.0,0.0,,0.0,,,,,,0.0,0.0,,killepa01,2008,0,0.0,0.0,0.0,0.0,,
185.0,St. Louis Blues,Paul Karpowich,CA,G,19.0,,Wellington (OPJHL),,0.0,0.0,0.0,0.0,0.0,0.0,,0.0,,,,,,0.0,0.0,,karpopa01,2008,0,0.0,0.0,0.0,0.0,,
191.0,Vancouver Canucks,Morgan Clark,CA,G,18.0,,Red Deer Rebels (WHL),,0.0,0.0,0.0,0.0,0.0,0.0,,0.0,,,,,,0.0,0.0,,clarkmo01,2008,0,0.0,0.0,0.0,0.0,,
196.0,Philadelphia Flyers,Joacim Eriksson,SE,G,18.0,2014.0,Brynas IF Jr. (Sweden Jr.),1.0,0.0,0.0,0.0,0.0,0.0,0.0,,0.0,0.0,1.0,,,,0.806,9.99,-0.2,eriksjo01,2008,0,0.0,0.0,0.0,0.0,0.01657495905368517,
207.0,Nashville Predators,Anders Lindback,SE,G,20.0,2016.0,Almtuna IS (Sweden-2),130.0,0.0,0.0,4.0,0.0,4.0,0.0307692307692308,,0.0,6.0,130.0,45.0,58.0,8.0,0.904,2.87,16.6,lindban01,2008,0,0.0,0.03076923076923077,0.03076923076923077,0.0,0.3874397932816538,
36.0,Phoenix Coyotes,Joel Gistedt,SE,G,19.0,,Frolunda HC (Sweden),,0.0,0.0,0.0,0.0,0.0,0.0,,0.0,,,,,,0.0,0.0,,gistejo01,2007,0,0.0,0.0,0.0,0.0,,
48.0,New York Rangers,Antoine Lafleur,CA,G,18.0,,Prince Edward Island Rocket (QMJHL),,0.0,0.0,0.0,0.0,0.0,0.0,,0.0,,,,,,0.0,0.0,,laflean01,2007,0,0.0,0.0,0.0,0.0,,
49.0,Colorado Avalanche,Trevor Cann,CA,G,18.0,,Peterborough Petes (OHL),,0.0,0.0,0.0,0.0,0.0,0.0,,0.0,,,,,,0.0,0.0,,canntr01,2007,0,0.0,0.0,0.0,0.0,,
54.0,Nashville Predators,Jeremy Smith,US,G,18.0,2017.0,Plymouth Whalers (OHL),10.0,0.0,0.0,0.0,0.0,0.0,0.0,,0.0,0.0,10.0,1.0,6.0,1.0,0.888,3.54,0.8,smithje02,2007,0,0.0,0.0,0.0,0.0,0.18861321585903085,
83.0,San Jose Sharks,Timo Pielmeier,DE,G,18.0,2011.0,Kolner EC Jr. (Germany Jr.),1.0,0.0,0.0,0.0,0.0,0.0,0.0,,0.0,0.0,1.0,0.0,0.0,0.0,0.583,7.5,-0.4,pielmti01,2007,0,0.0,0.0,0.0,0.0,0.012248235294117647,
86.0,Chicago Blackhawks,Josh Unice,US,G,18.0,,USA National Jr. Team (NAHL),,0.0,0.0,0.0,0.0,0.0,0.0,,0.0,,,,,,0.0,0.0,,unicejo01,2007,0,0.0,0.0,0.0,0.0,,
91.0,San Jose Sharks,Tyson Sexsmith,CA,G,18.0,,Vancouver Giants (WHL),,0.0,0.0,0.0,0.0,0.0,0.0,,0.0,,,,,,0.0,0.0,,sexsmty01,2007,0,0.0,0.0,0.0,0.0,,
98.0,Anaheim Ducks,Sebastian Stefaniszin,DE,G,20.0,,Eisbaren Berlin (Germany),,0.0,0.0,0.0,0.0,0.0,0.0,,0.0,,,,,,0.0,0.0,,stefase01,2007,0,0.0,0.0,0.0,0.0,,
113.0,Colorado Avalanche,Kent Patterson,US,G,18.0,,Cedar Rapids Roughriders (USHL),,0.0,0.0,0.0,0.0,0.0,0.0,,0.0,,,,,,0.0,0.0,,patteke01,2007,0,0.0,0.0,0.0,0.0,,
121.0,Anaheim Ducks,Mattias Modig,SE,G,20.0,,Lulea HF (Sweden),,0.0,0.0,0.0,0.0,0.0,0.0,,0.0,,,,,,0.0,0.0,,modigma01,2007,0,0.0,0.0,0.0,0.0,,
124.0,Los Angeles Kings,Linden Rowat,CA,G,18.0,,Regina Pats (WHL),,0.0,0.0,0.0,0.0,0.0,0.0,,0.0,,,,,,0.0,0.0,,rowatli01,2007,0,0.0,0.0,0.0,0.0,,
139.0,Buffalo Sabres,Brad Eidsness,CA,G,18.0,,Okotoks (AJHL),,0.0,0.0,0.0,0.0,0.0,0.0,,0.0,,,,,,0.0,0.0,,eidsnbr01,2007,0,0.0,0.0,0.0,0.0,,
153.0,Phoenix Coyotes,Scott Darling,US,G,18.0,2019.0,Capital District (EJHL),126.0,0.0,0.0,0.0,0.0,0.0,0.0,,0.0,2.0,126.0,54.0,42.0,18.0,0.908,2.72,18.5,darlisc01,2007,0,0.0,0.0,0.0,0.0,0.3900817204301075,
154.0,Washington Capitals,Dan Dunn,CA,G,19.0,,Wellington (OPJHL),,0.0,0.0,0.0,0.0,0.0,0.0,,0.0,,,,,,0.0,0.0,,dunnda02,2007,0,0.0,0.0,0.0,0.0,,
158.0,Columbus Blue Jackets,Allen York,CA,G,18.0,2012.0,Camrose (AJHL),11.0,0.0,0.0,0.0,0.0,0.0,0.0,,0.0,0.0,11.0,3.0,2.0,0.0,0.92,2.3,1.4,yorkal01,2007,0,0.0,0.0,0.0,0.0,0.21906666666666672,
182.0,Philadelphia Flyers,Brad Phillips,US,G,18.0,,USA U-18 Development Team (USDP/NAHL),,0.0,0.0,0.0,0.0,0.0,0.0,,0.0,,,,,,0.0,0.0,,phillbr01,2007,0,0.0,0.0,0.0,0.0,,
183.0,Tampa Bay Lightning,Torrie Jung,CA,G,18.0,,Kelowna Rockets (WHL),,0.0,0.0,0.0,0.0,0.0,0.0,,0.0,,,,,,0.0,0.0,,jungto01,2007,0,0.0,0.0,0.0,0.0,,
187.0,Buffalo Sabres,Nick Eno,US,G,18.0,,Green Mountain (EJHL),,0.0,0.0,0.0,0.0,0.0,0.0,,0.0,,,,,,0.0,0.0,,enoni01,2007,0,0.0,0.0,0.0,0.0,,
202.0,Florida Panthers,Sergei Gayduchenko,RU,G,18.0,,Lokomotiv Yaroslavl 2 (Russia-3),,0.0,0.0,0.0,0.0,0.0,0.0,,0.0,,,,,,0.0,0.0,,gayduse01,2007,0,0.0,0.0,0.0,0.0,,
204.0,Nashville Predators,Atte Engren,FI,G,19.0,,Lukko Jr. (Finland Jr.),,0.0,0.0,0.0,0.0,0.0,0.0,,0.0,,,,,,0.0,0.0,,engreat01,2007,0,0.0,0.0,0.0,0.0,,
11.0,Los Angeles Kings,Jonathan Bernier,CA,G,18.0,2022.0,Lewiston MAINEiacs (QMJHL),404.0,0.0,0.0,8.0,0.0,8.0,0.0198019801980198,,0.0,14.0,404.0,165.0,163.0,40.0,0.912,2.78,68.4,bernijo01,2006,0,0.0,0.019801980198019802,0.019801980198019802,0.0,0.39125502645502647,
15.0,Tampa Bay Lightning,Riku Helenius,FI,G,18.0,2009.0,Ilves Jr. (Finland Jr.),1.0,0.0,0.0,0.0,0.0,0.0,0.0,,0.0,0.0,1.0,0.0,0.0,0.0,1.0,0.0,0.0,helenri01,2006,0,0.0,0.0,0.0,0.0,0.025,
23.0,Washington Capitals,Semyon Varlamov,RU,G,18.0,2025.0,Lokomotiv Yaroslavl 2 (Russia-3),621.0,0.0,0.0,8.0,0.0,8.0,0.0128824476650564,,0.0,24.0,621.0,289.0,232.0,71.0,0.916,2.65,118.1,varlasi01,2006,0,0.0,0.01288244766505636,0.01288244766505636,0.0,0.39379726027397266,
26.0,Calgary Flames,Leland Irving,CA,G,18.0,2013.0,Everett Silvertips (WHL),13.0,0.0,0.0,1.0,0.0,1.0,0.0769230769230769,,0.0,0.0,13.0,3.0,4.0,4.0,0.902,3.25,1.8,irvinle01,2006,0,0.0,0.07692307692307693,0.07692307692307693,0.0,0.24981411764705885,
34.0,Washington Capitals,Michal Neuvirth,CZ,G,18.0,2019.0,HC Slavia Praha Jr. (Czech Jr.),257.0,0.0,0.0,4.0,0.0,4.0,0.0155642023346304,,0.0,6.0,257.0,105.0,93.0,26.0,0.91,2.71,39.3,neuvimi01,2006,0,0.0,0.01556420233463035,0.01556420233463035,0.0,0.39095417789757414,
46.0,Buffalo Sabres,Jhonas Enroth,SE,G,18.0,2017.0,Sodertalje SK Jr. (Sweden Jr.),153.0,0.0,0.0,0.0,0.0,0.0,0.0,,0.0,2.0,153.0,50.0,69.0,16.0,0.909,2.84,24.0,enrotjh01,2006,0,0.0,0.0,0.0,0.0,0.3896416666666667,
69.0,Columbus Blue Jackets,Steve Mason,CA,G,18.0,2018.0,London Knights (OHL),476.0,0.0,0.0,12.0,0.0,12.0,0.0252100840336134,,0.0,22.0,476.0,205.0,183.0,64.0,0.911,2.7,77.8,masonst01,2006,0,0.0,0.025210084033613446,0.025210084033613446,0.0,0.3914270270270271,
74.0,Los Angeles Kings,Jeff Zatkoff,US,G,19.0,2017.0,Miami (Ohio) (CCHA),48.0,0.0,0.0,1.0,0.0,1.0,0.0208333333333333,,0.0,0.0,48.0,18.0,21.0,4.0,0.908,2.72,6.5,zatkoje01,2006,0,0.0,0.020833333333333332,0.020833333333333332,0.0,0.3900817204301075,
92.0,Detroit Red Wings,Daniel Larsson,SE,G,20.0,,Hammarby IF (Sweden-2),,0.0,0.0,0.0,0.0,0.0,0.0,,0.0,,,,,,0.0,0.0,,larssda01,2006,0,0.0,0.0,0.0,0.0,,
96.0,Chicago Blackhawks,Joe Palmer,US,G,18.0,,USA U-18 Development Team (USDP/NAHL),,0.0,0.0,0.0,0.0,0.0,0.0,,0.0,,,,,,0.0,0.0,,palmejo01,2006,0,0.0,0.0,0.0,0.0,,
99.0,Toronto Maple Leafs,James Reimer,CA,G,18.0,2025.0,Red Deer Rebels (WHL),525.0,0.0,0.0,3.0,0.0,3.0,0.00571428571428571,,0.0,20.0,525.0,225.0,187.0,65.0,0.91,2.89,88.9,reimeja01,2006,0,0.0,0.005714285714285714,0.005714285714285714,0.0,0.389706940874036,
106.0,St. Louis Blues,Reto Berra,CH,G,19.0,2018.0,ZSC Lions (Swiss),76.0,0.0,0.0,1.0,0.0,1.0,0.0131578947368421,,0.0,4.0,76.0,20.0,36.0,4.0,0.905,2.85,8.9,berrare01,2006,0,0.0,0.013157894736842105,0.013157894736842105,0.0,0.387974025974026,
108.0,New York Islanders,Jase Weslosky,CA,G,18.0,,Sherwood Park (AJHL),,0.0,0.0,0.0,0.0,0.0,0.0,,0.0,,,,,,0.0,0.0,,wesloja01,2006,0,0.0,0.0,0.0,0.0,,
109.0,Philadelphia Flyers,Jakub Kovar,CZ,G,18.0,,HC Ceske Budejovice Jr. (Czech Jr.),,0.0,0.0,0.0,0.0,0.0,0.0,,0.0,,,,,,0.0,0.0,,kovarja01,2006,0,0.0,0.0,0.0,0.0,,
120.0,Dallas Stars,Richard Bachman,US,G,19.0,2019.0,Cushing Academy (High-MA),48.0,0.0,0.0,1.0,0.0,1.0,0.0208333333333333,,0.0,0.0,48.0,20.0,18.0,2.0,0.903,2.97,6.1,bachmri01,2006,0,0.0,0.020833333333333332,0.020833333333333332,0.0,0.38638891687657434,
125.0,Pittsburgh Penguins,Chad Johnson,CA,G,20.0,2019.0,Alaska-Fairbanks (CCHA),192.0,0.0,0.0,3.0,0.0,3.0,0.015625,,0.0,0.0,192.0,80.0,72.0,15.0,0.907,2.73,26.4,johnsch02,2006,0,0.0,0.015625,0.015625,0.0,0.38960965147453086,
130.0,Phoenix Coyotes,Brett Bennett,US,G,18.0,,USA U-18 Development Team (USDP/NAHL),,0.0,0.0,0.0,0.0,0.0,0.0,,0.0,,,,,,0.0,0.0,,bennebr01,2006,0,0.0,0.0,0.0,0.0,,
132.0,Minnesota Wild,Niko Hovinen,FI,G,18.0,,Jokerit Jr. (Finland Jr.),,0.0,0.0,0.0,0.0,0.0,0.0,,0.0,,,,,,0.0,0.0,,hovinni01,2006,0,0.0,0.0,0.0,0.0,,
133.0,Edmonton Oilers,Bryan Pitton,CA,G,18.0,,Brampton Battalion (OHL),,0.0,0.0,0.0,0.0,0.0,0.0,,0.0,,,,,,0.0,0.0,,pittobr01,2006,0,0.0,0.0,0.0,0.0,,
135.0,Atlanta Thrashers,Alex Kangas,US,G,19.0,,Sioux Falls Stampede (USHL),,0.0,0.0,0.0,0.0,0.0,0.0,,0.0,,,,,,0.0,0.0,,kangaal01,2006,0,0.0,0.0,0.0,0.0,,
146.0,Nashville Predators,Mark Dekanich,CA,G,20.0,2011.0,Colgate (ECAC),1.0,0.0,0.0,0.0,0.0,0.0,0.0,,0.0,0.0,1.0,0.0,0.0,0.0,0.88,3.6,0.1,dekanma01,2006,0,0.0,0.0,0.0,0.0,0.018686956521739132,
151.0,Ottawa Senators,Ryan Daniels,CA,G,18.0,,Saginaw Spirit (OHL),,0.0,0.0,0.0,0.0,0.0,0.0,,0.0,,,,,,0.0,0.0,,daniery01,2006,0,0.0,0.0,0.0,0.0,,
173.0,New York Islanders,Stefan Ridderwall,SE,G,18.0,,Djurgardens IF Jr. (Sweden Jr.),,0.0,0.0,0.0,0.0,0.0,0.0,,0.0,,,,,,0.0,0.0,,riddest01,2006,0,0.0,0.0,0.0,0.0,,
175.0,Philadelphia Flyers,Michael Dupont,CH,G,18.0,,Baie-Comeau Drakkar (QMJHL),,0.0,0.0,0.0,0.0,0.0,0.0,,0.0,,,,,,0.0,0.0,,duponmi02,2006,0,0.0,0.0,0.0,0.0,,
193.0,Florida Panthers,Marc Cheverie,CA,G,19.0,,Nanaimo (BCHL),,0.0,0.0,0.0,0.0,0.0,0.0,,0.0,,,,,,0.0,0.0,,chevema01,2006,0,0.0,0.0,0.0,0.0,,
201.0,Colorado Avalanche,Billy Sauer,US,G,18.0,,Michigan (CCHA),,0.0,0.0,0.0,0.0,0.0,0.0,,0.0,,,,,,0.0,0.0,,sauerbi01,2006,0,0.0,0.0,0.0,0.0,,
5.0,Montreal Canadiens,Carey Price,CA,G,18.0,2022.0,Tri-City Americans (WHL),712.0,0.0,0.0,13.0,0.0,13.0,0.0182584269662921,,0.0,51.0,712.0,361.0,261.0,79.0,0.917,2.51,136.8,priceca01,2005,0,0.0,0.018258426966292134,0.018258426966292134,0.0,0.3952900284900285,
21.0,Toronto Maple Leafs,Tuukka Rask,FI,G,18.0,2022.0,Ilves Jr. (Finland Jr.),564.0,0.0,0.0,17.0,0.0,17.0,0.0301418439716312,,0.0,26.0,564.0,308.0,165.0,66.0,0.921,2.28,107.1,rasktu01,2005,0,0.0,0.030141843971631204,0.030141843971631204,0.0,0.39888780487804887,
32.0,Florida Panthers,Tyler Plante,US,G,18.0,,Brandon Wheat Kings (WHL),,0.0,0.0,0.0,0.0,0.0,0.0,,0.0,,,,,,0.0,0.0,,plantty01,2005,0,0.0,0.0,0.0,0.0,,
38.0,New Jersey Devils,Jeff Frazee,US,G,18.0,2013.0,USA U-18 Development Team (USDP/NAHL),1.0,0.0,0.0,0.0,0.0,0.0,0.0,,0.0,0.0,1.0,0.0,0.0,0.0,1.0,0.0,0.1,frazeje01,2005,0,0.0,0.0,0.0,0.0,0.025,
41.0,Atlanta Thrashers,Ondrej Pavelec,CZ,G,18.0,2018.0,HC Kladno Jr. (Czech Jr.),398.0,0.0,0.0,6.0,0.0,6.0,0.0150753768844221,,0.0,12.0,398.0,156.0,167.0,48.0,0.907,2.88,60.9,pavelon01,2005,0,0.0,0.01507537688442211,0.01507537688442211,0.0,0.3885731958762887,
59.0,Phoenix Coyotes,Pier-Olivier Pelletier,CA,G,18.0,,Drummondville Voltigeurs (QMJHL),,0.0,0.0,0.0,0.0,0.0,0.0,,0.0,,,,,,0.0,0.0,,pellepi01,2005,0,0.0,0.0,0.0,0.0,,
65.0,Minnesota Wild,Kristofer Westblom,CA,G,18.0,,Kelowna Rockets (WHL),,0.0,0.0,0.0,0.0,0.0,0.0,,0.0,,,,,,0.0,0.0,,westbkr01,2005,0,0.0,0.0,0.0,0.0,,
72.0,Los Angeles Kings,Jonathan Quick,US,G,19.0,2026.0,Avon Old Farms School (High-CT),810.0,0.0,0.0,22.0,0.0,22.0,0.0271604938271605,,0.0,90.0,810.0,407.0,293.0,88.0,0.911,2.49,129.1,quickjo01,2005,0,0.0,0.027160493827160494,0.027160493827160494,0.0,0.3930532951289399,
85.0,St. Louis Blues,Ben Bishop,US,G,18.0,2020.0,Texas Tornado (NAHL),413.0,0.0,0.0,12.0,0.0,12.0,0.0290556900726392,,0.0,34.0,413.0,222.0,128.0,36.0,0.921,2.32,76.4,bishobe01,2005,0,0.0,0.029055690072639227,0.029055690072639227,0.0,0.3985204819277109,
112.0,San Jose Sharks,Alex Stalock,US,G,18.0,2023.0,Cedar Rapids Roughriders (USHL),179.0,0.0,0.0,4.0,0.0,4.0,0.0223463687150838,,0.0,28.0,179.0,70.0,65.0,20.0,0.908,2.7,25.8,staloal01,2005,0,0.0,0.0223463687150838,0.0223463687150838,0.0,0.39022702702702705,
114.0,Vancouver Canucks,Alexandre Vincent,CA,G,18.0,,Chicoutimi Sagueneens (QMJHL),,0.0,0.0,0.0,0.0,0.0,0.0,,0.0,,,,,,0.0,0.0,,vinceal01,2005,0,0.0,0.0,0.0,0.0,,
119.0,Philadelphia Flyers,Jeremy Duchesne,US,G,18.0,2010.0,Halifax Mooseheads (QMJHL),1.0,0.0,0.0,0.0,0.0,0.0,0.0,,0.0,0.0,1.0,0.0,0.0,0.0,0.75,3.59,-0.1,ducheje01,2005,0,0.0,0.0,0.0,0.0,0.016089324618736387,
128.0,Calgary Flames,Kevin Lalande,CA,G,18.0,,Belleville Bulls (OHL),,0.0,0.0,0.0,0.0,0.0,0.0,,0.0,,,,,,0.0,0.0,,lalanke01,2005,0,0.0,0.0,0.0,0.0,,
131.0,Columbus Blue Jackets,Tomas Popperle,CZ,G,20.0,2007.0,HC Sparta Praha (Czech),2.0,0.0,0.0,0.0,0.0,0.0,0.0,,0.0,0.0,2.0,0.0,0.0,0.0,0.929,1.35,0.1,poppeto01,2005,0,0.0,0.0,0.0,0.0,0.041415319148936175,
140.0,San Jose Sharks,Taylor Dakers,CA,G,19.0,,Kootenay Ice (WHL),,0.0,0.0,0.0,0.0,0.0,0.0,,0.0,,,,,,0.0,0.0,,dakerta01,2005,0,0.0,0.0,0.0,0.0,,
143.0,Washington Capitals,Daren Machesney,CA,G,18.0,,Brampton Battalion (OHL),,0.0,0.0,0.0,0.0,0.0,0.0,,0.0,,,,,,0.0,0.0,,macheda01,2005,0,0.0,0.0,0.0,0.0,,
158.0,Calgary Flames,Matt Keetley,CA,G,19.0,2008.0,Medicine Hat Tigers (WHL),1.0,0.0,0.0,0.0,0.0,0.0,0.0,,0.0,0.0,1.0,0.0,0.0,0.0,1.0,0.0,0.0,keetlma01,2005,0,0.0,0.0,0.0,0.0,0.025,
161.0,Florida Panthers,Brian Foster,US,G,18.0,2012.0,New Hampshire (EJHL),1.0,0.0,0.0,0.0,0.0,0.0,0.0,,0.0,0.0,1.0,0.0,0.0,0.0,1.0,0.0,0.0,fostebr01,2005,0,0.0,0.0,0.0,0.0,0.025,
165.0,Tampa Bay Lightning,Kevin Beech,CA,G,18.0,,Sudbury Wolves (OHL),,0.0,0.0,0.0,0.0,0.0,0.0,,0.0,,,,,,0.0,0.0,,beechke01,2005,0,0.0,0.0,0.0,0.0,,
167.0,Chicago Blackhawks,Joe Fallon,US,G,20.0,,Vermont (ECAC),,0.0,0.0,0.0,0.0,0.0,0.0,,0.0,,,,,,0.0,0.0,,fallojo01,2005,0,0.0,0.0,0.0,0.0,,
182.0,Buffalo Sabres,Adam Dennis,CA,G,20.0,,London Knights (OHL),,0.0,0.0,0.0,0.0,0.0,0.0,,0.0,,,,,,0.0,0.0,,denniad01,2005,0,0.0,0.0,0.0,0.0,,
197.0,Anaheim Ducks,Jean-Philippe Levasseur,CA,G,18.0,,Rouyn-Noranda Huskies (QMJHL),,0.0,0.0,0.0,0.0,0.0,0.0,,0.0,,,,,,0.0,0.0,,levasje02,2005,0,0.0,0.0,0.0,0.0,,
223.0,Dallas Stars,Pat McGann,US,G,18.0,,Team Illinois (MWEHL),,0.0,0.0,0.0,0.0,0.0,0.0,,0.0,,,,,,0.0,0.0,,mcganpa01,2005,0,0.0,0.0,0.0,0.0,,
6.0,New York Rangers,Al Montoya,US,G,19.0,2018.0,Michigan (CCHA),169.0,0.0,0.0,5.0,0.0,5.0,0.029585798816568,,0.0,12.0,168.0,67.0,49.0,24.0,0.908,2.65,23.7,montoal01,2004,0,0.0,0.029585798816568046,0.029585798816568046,0.0,0.3905972602739726,
14.0,Edmonton Oilers,Devan Dubnyk,CA,G,18.0,2021.0,Kamloops Blazers (WHL),542.0,0.0,0.0,8.0,0.0,8.0,0.014760147601476,,0.0,46.0,542.0,253.0,206.0,54.0,0.914,2.61,93.8,dubnyde01,2004,0,0.0,0.014760147601476014,0.014760147601476014,0.0,0.3933008310249308,
17.0,St. Louis Blues,Marek Schwarz,CZ,G,18.0,2009.0,HC Sparta Praha (Czech),6.0,0.0,0.0,0.0,0.0,0.0,0.0,,0.0,0.0,6.0,0.0,2.0,0.0,0.809,4.32,-0.3,schwama01,2004,0,0.0,0.0,0.0,0.0,0.1027190977443609,
26.0,Vancouver Canucks,Cory Schneider,US,G,18.0,2022.0,Phillips Andover Academy (High-MA),410.0,0.0,0.0,9.0,0.0,9.0,0.0219512195121951,,0.0,4.0,410.0,171.0,159.0,58.0,0.918,2.43,74.9,schneco01,2004,0,0.0,0.02195121951219512,0.02195121951219512,0.0,0.39635451895043733,
37.0,Florida Panthers,David Shantz,CA,G,18.0,,Mississagua IceDogs (OHL),,0.0,0.0,0.0,0.0,0.0,0.0,,0.0,,,,,,0.0,0.0,,shantda01,2004,0,0.0,0.0,0.0,0.0,,
38.0,Carolina Hurricanes,Justin Peters,CA,G,18.0,2017.0,Toronto St. Michael's Majors (OHL),83.0,0.0,0.0,2.0,0.0,2.0,0.0240963855421687,,0.0,8.0,83.0,25.0,38.0,9.0,0.901,3.08,10.6,peterju01,2004,0,0.0,0.024096385542168676,0.024096385542168676,0.0,0.3849098039215687,
89.0,Ottawa Senators,Jeff Glass,CA,G,18.0,2018.0,Kootenay Ice (WHL),15.0,0.0,0.0,0.0,0.0,0.0,0.0,,0.0,2.0,15.0,3.0,7.0,3.0,0.898,3.36,1.8,glassje01,2004,0,0.0,0.0,0.0,0.0,0.28660183486238533,
90.0,Toronto Maple Leafs,Justin Pogge,CA,G,18.0,2009.0,Prince George Cougars (WHL),7.0,0.0,0.0,0.0,0.0,0.0,0.0,,0.0,0.0,7.0,1.0,4.0,1.0,0.844,4.36,-0.2,poggeju01,2004,0,0.0,0.0,0.0,0.0,0.12468985074626865,
93.0,Columbus Blue Jackets,Dan LaCosta,CA,G,18.0,2009.0,Owen Sound Attack (OHL),4.0,0.0,0.0,0.0,0.0,0.0,0.0,,0.0,0.0,4.0,2.0,0.0,0.0,0.953,1.42,0.9,lacosda01,2004,0,0.0,0.0,0.0,0.0,0.08450446280991736,
94.0,San Jose Sharks,Thomas Greiss,DE,G,18.0,2023.0,Kolner EC Jr. (Germany Jr.),368.0,0.0,0.0,4.0,0.0,4.0,0.0108695652173913,,0.0,16.0,368.0,162.0,130.0,37.0,0.911,2.77,59.2,greisth01,2004,0,0.0,0.010869565217391304,0.010869565217391304,0.0,0.3909251989389921,
129.0,San Jose Sharks,Jason Churchill,CA,G,18.0,,Halifax Mooseheads (QMJHL),,0.0,0.0,0.0,0.0,0.0,0.0,,0.0,,,,,,0.0,0.0,,churcja02,2004,0,0.0,0.0,0.0,0.0,,
137.0,Carolina Hurricanes,Magnus Akerlund,SE,G,18.0,,HV71 Jr. (Sweden Jr.),,0.0,0.0,0.0,0.0,0.0,0.0,,0.0,,,,,,0.0,0.0,,akerlma01,2004,0,0.0,0.0,0.0,0.0,,
139.0,Nashville Predators,Kyle Moir,CA,G,18.0,,Swift Current Broncos (WHL),,0.0,0.0,0.0,0.0,0.0,0.0,,0.0,,,,,,0.0,0.0,,moirky01,2004,0,0.0,0.0,0.0,0.0,,
145.0,Buffalo Sabres,Michal Valent,SI,G,18.0,,MHC Martin Jr. (Slovakia Jr.),,0.0,0.0,0.0,0.0,0.0,0.0,,0.0,,,,,,0.0,0.0,,valenmi01,2004,0,0.0,0.0,0.0,0.0,,
181.0,Montreal Canadiens,Loic Lacasse,CA,G,18.0,,Baie-Comeau Drakkar (QMJHL),,0.0,0.0,0.0,0.0,0.0,0.0,,0.0,,,,,,0.0,0.0,,lacaslo01,2004,0,0.0,0.0,0.0,0.0,,
185.0,New Jersey Devils,Josh Disher,CA,G,19.0,,Erie Otters (OHL),,0.0,0.0,0.0,0.0,0.0,0.0,,0.0,,,,,,0.0,0.0,,dishejo01,2004,0,0.0,0.0,0.0,0.0,,
186.0,Atlanta Thrashers,Dan Turple,CA,G,19.0,,Oshawa Generals (OHL),,0.0,0.0,0.0,0.0,0.0,0.0,,0.0,,,,,,0.0,0.0,,turplda01,2004,0,0.0,0.0,0.0,0.0,,
189.0,Vancouver Canucks,Julien Ellis,CA,G,18.0,,Shawinigan Cataractes (QMJHL),,0.0,0.0,0.0,0.0,0.0,0.0,,0.0,,,,,,0.0,0.0,,ellisju01,2004,0,0.0,0.0,0.0,0.0,,
191.0,Tampa Bay Lightning,Karri Ramo,FI,G,18.0,2016.0,Pelicans Jr. (Finland Jr.),159.0,0.0,0.0,4.0,0.0,4.0,0.0251572327044025,,0.0,16.0,159.0,60.0,63.0,18.0,0.906,2.85,22.9,ramoka01,2004,0,0.0,0.025157232704402517,0.025157232704402517,0.0,0.38837402597402604,
203.0,Anaheim Ducks,Gabriel Bouthillette,CA,G,19.0,,Gatineau Olympiques (QMJHL),,0.0,0.0,0.0,0.0,0.0,0.0,,0.0,,,,,,0.0,0.0,,bouthga01,2004,0,0.0,0.0,0.0,0.0,,
206.0,Minnesota Wild,Anton Khudobin,KZ,G,18.0,2023.0,Metallurg Magnitogorsk 2 (Russia-3),260.0,0.0,0.0,8.0,0.0,8.0,0.0307692307692308,,0.0,16.0,260.0,114.0,92.0,33.0,0.916,2.52,44.8,khudoan01,2004,0,0.0,0.03076923076923077,0.03076923076923077,0.0,0.394809090909091,
213.0,Calgary Flames,James Spratt,US,G,18.0,,Sioux City Musketeers (USHL),,0.0,0.0,0.0,0.0,0.0,0.0,,0.0,,,,,,0.0,0.0,,spratja01,2004,0,0.0,0.0,0.0,0.0,,
215.0,Colorado Avalanche,Ian Keserich,US,G,18.0,,Cleveland Barons (NAHL),,0.0,0.0,0.0,0.0,0.0,0.0,,0.0,,,,,,0.0,0.0,,keseria01,2004,0,0.0,0.0,0.0,0.0,,
221.0,Los Angeles Kings,Daniel Taylor,GB,G,18.0,2018.0,Guelph Storm (OHL),4.0,0.0,0.0,0.0,0.0,0.0,0.0,,0.0,0.0,4.0,1.0,2.0,0.0,0.893,3.63,0.4,tayloda02,2004,0,0.0,0.0,0.0,0.0,0.0757596544276458,
228.0,Pittsburgh Penguins,David Brown,CA,G,19.0,,Notre Dame (CCHA),,0.0,0.0,0.0,0.0,0.0,0.0,,0.0,,,,,,0.0,0.0,,brownda02,2004,0,0.0,0.0,0.0,0.0,,
230.0,Washington Capitals,Justin Mrazek,CA,G,19.0,,Estevan (SJHL),,0.0,0.0,0.0,0.0,0.0,0.0,,0.0,,,,,,0.0,0.0,,mrazeju01,2004,0,0.0,0.0,0.0,0.0,,
232.0,Philadelphia Flyers,Martin Houle,CA,G,19.0,2007.0,Cape Breton Screaming Eagles (QMJHL),1.0,0.0,0.0,0.0,0.0,0.0,0.0,,0.0,0.0,1.0,0.0,0.0,0.0,0.667,27.27,-0.1,houlema01,2004,0,0.0,0.0,0.0,0.0,0.0135168659356208,
234.0,San Jose Sharks,Derek MacIntyre,US,G,18.0,,Soo Indians (NAHL),,0.0,0.0,0.0,0.0,0.0,0.0,,0.0,,,,,,0.0,0.0,,macinde01,2004,0,0.0,0.0,0.0,0.0,,
238.0,Los Angeles Kings,Yutaka Fukufuji,JP,G,21.0,2007.0,Kokudo (JIHL),4.0,0.0,0.0,0.0,0.0,0.0,0.0,,0.0,0.0,4.0,0.0,3.0,0.0,0.837,4.37,-0.1,fukufyu01,2004,0,0.0,0.0,0.0,0.0,0.0706843947858473,
258.0,Nashville Predators,Pekka Rinne,FI,G,21.0,2021.0,Karpat (Finland),683.0,1.0,0.00146412884333821,14.0,2.14367326989489e-06,15.0,0.0219619326500732,,0.0,56.0,683.0,369.0,213.0,75.0,0.917,2.43,123.8,rinnepe01,2004,0,0.0014641288433382138,0.020497803806734993,0.021961932650073207,0.0,0.3959545189504373,
274.0,Edmonton Oilers,Bjorn Bjurling,SE,G,25.0,,Djurgardens IF (Sweden),,0.0,0.0,0.0,0.0,0.0,0.0,,0.0,,,,,,0.0,0.0,,bjurlbj01,2004,0,0.0,0.0,0.0,0.0,,
276.0,New York Islanders,Sylvain Michaud,CA,G,19.0,,Drummondville Voltigeurs (QMJHL),,0.0,0.0,0.0,0.0,0.0,0.0,,0.0,,,,,,0.0,0.0,,michasy01,2004,0,0.0,0.0,0.0,0.0,,
288.0,San Jose Sharks,Brian Mahoney-Wilson,US,G,18.0,,Catholic Memorial School (High-MA),,0.0,0.0,0.0,0.0,0.0,0.0,,0.0,,,,,,0.0,0.0,,mahonbr01,2004,0,0.0,0.0,0.0,0.0,,
1.0,Pittsburgh Penguins,Marc-Andre Fleury,CA,G,18.0,2025.0,Cape Breton Screaming Eagles (QMJHL),1051.0,0.0,0.0,22.0,0.0,22.0,0.0209324452901998,,0.0,86.0,1051.0,575.0,339.0,97.0,0.912,2.6,182.9,fleurma01,2003,0,0.0,0.02093244529019981,0.02093244529019981,0.0,0.3925777777777778,
52.0,Chicago Blackhawks,Corey Crawford,CA,G,18.0,2020.0,Moncton Wildcats (QMJHL),488.0,0.0,0.0,9.0,0.0,9.0,0.0184426229508197,,0.0,18.0,488.0,260.0,162.0,53.0,0.918,2.45,90.0,crawfco01,2003,0,0.0,0.018442622950819672,0.018442622950819672,0.0,0.39618550724637686,
64.0,Detroit Red Wings,Jimmy Howard,US,G,19.0,2020.0,Maine (H-East),543.0,0.0,0.0,9.0,0.0,9.0,0.0165745856353591,,0.0,36.0,543.0,246.0,196.0,70.0,0.912,2.62,90.4,howarja02,2003,0,0.0,0.016574585635359115,0.016574585635359115,0.0,0.3924243093922652,
82.0,Los Angeles Kings,Ryan Munce,CA,G,18.0,,Sarnia Sting (OHL),,0.0,0.0,0.0,0.0,0.0,0.0,,0.0,,,,,,0.0,0.0,,muncery01,2003,0,0.0,0.0,0.0,0.0,,
84.0,St. Louis Blues,Konstantin Barulin,RU,G,19.0,,Gazovik Tyumen (Russia-2),,0.0,0.0,0.0,0.0,0.0,0.0,,0.0,,,,,,0.0,0.0,,barulko01,2003,0,0.0,0.0,0.0,0.0,,
96.0,Tampa Bay Lightning,Jonathan Boutin,CA,G,18.0,,Halifax Mooseheads (QMJHL),,0.0,0.0,0.0,0.0,0.0,0.0,,0.0,,,,,,0.0,0.0,,boutijo01,2003,0,0.0,0.0,0.0,0.0,,
117.0,Nashville Predators,Teemu Lassila,FI,G,20.0,,TPS (Finland),,0.0,0.0,0.0,0.0,0.0,0.0,,0.0,,,,,,0.0,0.0,,lassite01,2003,0,0.0,0.0,0.0,0.0,,
126.0,Carolina Hurricanes,Kevin Nastiuk,CA,G,18.0,,Medicine Hat Tigers (WHL),,0.0,0.0,0.0,0.0,0.0,0.0,,0.0,,,,,,0.0,0.0,,nastike01,2003,0,0.0,0.0,0.0,0.0,,
133.0,Nashville Predators,Rustam Sidikov,RU,G,18.0,,CKSA Moskva 2 (Russia-3),,0.0,0.0,0.0,0.0,0.0,0.0,,0.0,,,,,,0.0,0.0,,sidikru01,2003,0,0.0,0.0,0.0,0.0,,
139.0,San Jose Sharks,Patrick Ehelechner,DE,G,18.0,,Hannover (Germany),,0.0,0.0,0.0,0.0,0.0,0.0,,0.0,,,,,,0.0,0.0,,ehelepa01,2003,0,0.0,0.0,0.0,0.0,,
140.0,Philadelphia Flyers,David Tremblay,CA,G,18.0,,Hull Olympiques (QMJHL),,0.0,0.0,0.0,0.0,0.0,0.0,,0.0,,,,,,0.0,0.0,,trembda01,2003,0,0.0,0.0,0.0,0.0,,
144.0,Dallas Stars,Eero Kilpelainen,FI,G,18.0,,KalPa Jr. (Finland Jr.),,0.0,0.0,0.0,0.0,0.0,0.0,,0.0,,,,,,0.0,0.0,,kilpeee01,2003,0,0.0,0.0,0.0,0.0,,
153.0,Boston Bruins,Mike Brown,US,G,18.0,,Saginaw Spirit (OHL),,0.0,0.0,0.0,0.0,0.0,0.0,,0.0,,,,,,0.0,0.0,,brownmi03,2003,0,0.0,0.0,0.0,0.0,,
159.0,St. Louis Blues,Chris Beckford-Tseu,CA,G,19.0,2008.0,Oshawa Generals (OHL),1.0,0.0,0.0,0.0,0.0,0.0,0.0,,0.0,0.0,1.0,0.0,0.0,0.0,0.889,2.25,0.0,beckfch01,2003,0,0.0,0.0,0.0,0.0,0.01931846153846154,
177.0,Montreal Canadiens,Chris Heino-Lindberg,SE,G,18.0,,Hammarby IF Jr. (Sweden Jr.),,0.0,0.0,0.0,0.0,0.0,0.0,,0.0,,,,,,0.0,0.0,,heinoch01,2003,0,0.0,0.0,0.0,0.0,,
180.0,New York Rangers,Chris Holt,CA,G,18.0,2009.0,USA U-18 Development Team (USDP/NAHL),2.0,0.0,0.0,0.0,0.0,0.0,0.0,,0.0,0.0,2.0,0.0,0.0,0.0,1.0,0.0,0.1,holtch01,2003,0,0.0,0.0,0.0,0.0,0.05,
187.0,Minnesota Wild,Miroslav Kopriva,CZ,G,19.0,,HC Kladno (Czech-2),,0.0,0.0,0.0,0.0,0.0,0.0,,0.0,,,,,,0.0,0.0,,koprimi01,2003,0,0.0,0.0,0.0,0.0,,
191.0,Philadelphia Flyers,Rejean Beauchemin,CA,G,18.0,,Prince Albert Raiders (WHL),,0.0,0.0,0.0,0.0,0.0,0.0,,0.0,,,,,,0.0,0.0,,beaucre01,2003,0,0.0,0.0,0.0,0.0,,
193.0,Philadelphia Flyers,Ville Hostikka,FI,G,18.0,,SaiPa Jr. (Finland Jr.),,0.0,0.0,0.0,0.0,0.0,0.0,,0.0,,,,,,0.0,0.0,,hostivi01,2003,0,0.0,0.0,0.0,0.0,,
197.0,New Jersey Devils,Jason Smith,CA,G,18.0,,Lennoxville (QJAAAHL),,0.0,0.0,0.0,0.0,0.0,0.0,,0.0,,,,,,0.0,0.0,,smithja02,2003,0,0.0,0.0,0.0,0.0,,
199.0,Pittsburgh Penguins,Andy Chiodo,CA,G,20.0,2004.0,Toronto St. Michael's Majors (OHL),8.0,0.0,0.0,0.0,0.0,0.0,0.0,,0.0,0.0,8.0,3.0,4.0,1.0,0.892,3.46,1.0,chiodan01,2003,0,0.0,0.0,0.0,0.0,0.15168860986547086,
211.0,Chicago Blackhawks,Mike Brodeur,CA,G,20.0,2011.0,Camrose (AJHL),7.0,0.0,0.0,0.0,0.0,0.0,0.0,,0.0,0.0,7.0,3.0,1.0,0.0,0.922,2.17,0.9,brodemi01,2003,0,0.0,0.0,0.0,0.0,0.1401210094637224,
213.0,Nashville Predators,Miroslav Hanuljak,CZ,G,19.0,,HC Litvinov Jr. (Czech),,0.0,0.0,0.0,0.0,0.0,0.0,,0.0,,,,,,0.0,0.0,,hanulmi01,2003,0,0.0,0.0,0.0,0.0,,
224.0,Tampa Bay Lightning,Gerald Coleman,US,G,18.0,2006.0,London Knights (OHL),2.0,0.0,0.0,0.0,0.0,0.0,0.0,,0.0,0.0,2.0,0.0,0.0,1.0,0.882,2.77,0.1,colemge01,2003,0,0.0,0.0,0.0,0.0,0.0379325198938992,
231.0,Los Angeles Kings,Matt Zaba,CA,G,20.0,2010.0,Vernon (BCHL),1.0,0.0,0.0,0.0,0.0,0.0,0.0,,0.0,0.0,1.0,0.0,0.0,0.0,0.875,3.56,0.0,zabama01,2003,0,0.0,0.0,0.0,0.0,0.018596491228070177,
235.0,Buffalo Sabres,Jeff Weber,CA,G,18.0,,Plymouth Whalers (OHL),,0.0,0.0,0.0,0.0,0.0,0.0,,0.0,,,,,,0.0,0.0,,weberje01,2003,0,0.0,0.0,0.0,0.0,,
271.0,Montreal Canadiens,Jaroslav Halak,SK,G,18.0,2023.0,HC Slovan Bratislava Jr. (Slovakia Jr.),581.0,0.0,0.0,13.0,0.0,13.0,0.0223752151462995,,0.0,16.0,581.0,295.0,189.0,69.0,0.915,2.5,103.3,halakja01,2003,0,0.0,0.022375215146299483,0.022375215146299483,0.0,0.39457142857142863,
277.0,Boston Bruins,Kevin Regan,US,G,19.0,,St. Sebastian's School (High-MA),,0.0,0.0,0.0,0.0,0.0,0.0,,0.0,,,,,,0.0,0.0,,reganke01,2003,0,0.0,0.0,0.0,0.0,,
291.0,Ottawa Senators,Brian Elliott,CA,G,18.0,2023.0,Ajax (OPJHL),543.0,0.0,0.0,11.0,0.0,11.0,0.0202578268876611,,0.0,12.0,543.0,279.0,167.0,54.0,0.909,2.57,80.7,elliobr01,2003,0,0.0,0.020257826887661142,0.020257826887661142,0.0,0.39161120448179276,
2.0,Atlanta Thrashers,Kari Lehtonen,FI,G,18.0,2018.0,Jokerit (Finland),649.0,0.0,0.0,28.0,0.0,28.0,0.0431432973805855,,0.0,42.0,649.0,310.0,233.0,67.0,0.912,2.71,116.0,lehtoka01,2002,0,0.0,0.04314329738058552,0.04314329738058552,0.0,0.39175417789757416,
25.0,Carolina Hurricanes,Cam Ward,CA,G,18.0,2019.0,Red Deer Rebels (WHL),701.0,1.0,0.0014265335235378,12.0,2.03499789377718e-06,13.0,0.0185449358059914,,0.0,48.0,701.0,334.0,256.0,88.0,0.908,2.74,113.8,wardca01,2002,0,0.0014265335235378032,0.017118402282453638,0.018544935805991442,0.0,0.3899379679144385,
29.0,Boston Bruins,Hannu Toivonen,FI,G,18.0,2008.0,HPK Jr. (Finland Jr.),61.0,0.0,0.0,0.0,0.0,0.0,0.0,,0.0,10.0,61.0,18.0,24.0,10.0,0.89,3.37,7.1,toivoha01,2002,0,0.0,0.0,0.0,0.0,0.37888329519450803,
31.0,Edmonton Oilers,Jeff Deslauriers,CA,G,18.0,2012.0,Chicoutimi Sagueneens (QMJHL),62.0,0.0,0.0,4.0,0.0,4.0,0.0645161290322581,,0.0,8.0,62.0,23.0,32.0,4.0,0.901,3.24,9.4,drouije01,2002,0,0.0,0.06451612903225806,0.06451612903225806,0.0,0.3839849056603774,
34.0,Dallas Stars,Tobias Stephan,CH,G,18.0,2009.0,EHC Chur (Swiss),11.0,0.0,0.0,1.0,0.0,1.0,0.0909090909090909,,0.0,0.0,11.0,1.0,3.0,2.0,0.883,3.49,0.8,stephto01,2002,0,0.0,0.09090909090909091,0.09090909090909091,0.0,0.20650944320712697,
38.0,Minnesota Wild,Josh Harding,CA,G,18.0,2014.0,Regina Pats (WHL),151.0,0.0,0.0,2.0,0.0,2.0,0.0132450331125828,,0.0,6.0,151.0,60.0,59.0,11.0,0.918,2.45,27.3,hardijo01,2002,0,0.0,0.013245033112582781,0.013245033112582781,0.0,0.39618550724637686,
46.0,Phoenix Coyotes,David LeNeveu,CA,G,19.0,2011.0,Cornell (ECAC),22.0,0.0,0.0,0.0,0.0,0.0,0.0,,0.0,0.0,22.0,5.0,9.0,2.0,0.887,3.43,2.4,lenevda01,2002,0,0.0,0.0,0.0,0.0,0.37737336343115124,
59.0,Washington Capitals,Maxime Daigneault,CA,G,18.0,,Val-d'Or Foreurs (QMJHL),,0.0,0.0,0.0,0.0,0.0,0.0,,0.0,,,,,,0.0,0.0,,daignma01,2002,0,0.0,0.0,0.0,0.0,,
73.0,Minnesota Wild,Barry Brust,CA,G,19.0,2007.0,Spokane Chiefs (WHL),11.0,0.0,0.0,0.0,0.0,0.0,0.0,,0.0,0.0,11.0,2.0,4.0,1.0,0.878,3.7,0.7,brustba01,2002,0,0.0,0.0,0.0,0.0,0.20486212765957448,
74.0,Toronto Maple Leafs,Todd Ford,CA,G,18.0,,Swift Current Broncos (WHL),,0.0,0.0,0.0,0.0,0.0,0.0,,0.0,,,,,,0.0,0.0,,fordto01,2002,0,0.0,0.0,0.0,0.0,,
83.0,Vancouver Canucks,Lukas Mensator,CZ,G,18.0,,HC Slavia Karlovy Vary Jr. (Czech Jr.),,0.0,0.0,0.0,0.0,0.0,0.0,,0.0,,,,,,0.0,0.0,,mensalu01,2002,0,0.0,0.0,0.0,0.0,,
121.0,Buffalo Sabres,Marty Magers,US,G,19.0,,Omaha Lancers (USHL),,0.0,0.0,0.0,0.0,0.0,0.0,,0.0,,,,,,0.0,0.0,,magerma01,2002,0,0.0,0.0,0.0,0.0,,
135.0,Tampa Bay Lightning,Joe Pearce,US,G,20.0,,New Hampshire (EJHL),,0.0,0.0,0.0,0.0,0.0,0.0,,0.0,,,,,,0.0,0.0,,pearcjo01,2002,0,0.0,0.0,0.0,0.0,,
145.0,Washington Capitals,Rob Gherson,CA,G,18.0,,Sarnia Sting (OHL),,0.0,0.0,0.0,0.0,0.0,0.0,,0.0,,,,,,0.0,0.0,,ghersro01,2002,0,0.0,0.0,0.0,0.0,,
148.0,Edmonton Oilers,Glenn Fisher,CA,G,19.0,,Fort Saskatchewan (AJHL),,0.0,0.0,0.0,0.0,0.0,0.0,,0.0,,,,,,0.0,0.0,,fishegl01,2002,0,0.0,0.0,0.0,0.0,,
151.0,Vancouver Canucks,Rob McVicar,CA,G,20.0,2006.0,Brandon Wheat Kings (WHL),1.0,0.0,0.0,0.0,0.0,0.0,0.0,,0.0,0.0,1.0,0.0,0.0,0.0,0.0,0.0,0.0,mcvicro01,2002,0,0.0,0.0,0.0,0.0,0.005000000000000001,
153.0,Boston Bruins,Peter Hamerlik,SK,G,20.0,,Kingston Frontenacs (OHL),,0.0,0.0,0.0,0.0,0.0,0.0,,0.0,,,,,,0.0,0.0,,hamerpe01,2002,0,0.0,0.0,0.0,0.0,,
160.0,Carolina Hurricanes,Daniel Manzato,CH,G,18.0,,Victoriaville Tigres (QMJHL),,0.0,0.0,0.0,0.0,0.0,0.0,,0.0,,,,,,0.0,0.0,,manzada01,2002,0,0.0,0.0,0.0,0.0,,
161.0,Philadelphia Flyers,Dov Grumet-Morris,US,G,20.0,,Harvard (ECAC),,0.0,0.0,0.0,0.0,0.0,0.0,,0.0,,,,,,0.0,0.0,,grumedo01,2002,0,0.0,0.0,0.0,0.0,,
164.0,Colorado Avalanche,Tyler Weiman,CA,G,18.0,2008.0,Tri-City Americans (WHL),1.0,0.0,0.0,0.0,0.0,0.0,0.0,,0.0,0.0,1.0,0.0,0.0,0.0,1.0,0.0,0.2,weimaty01,2002,0,0.0,0.0,0.0,0.0,0.025,
166.0,Detroit Red Wings,Logan Koopmans,CA,G,18.0,,Lethbridge Hurricanes (WHL),,0.0,0.0,0.0,0.0,0.0,0.0,,0.0,,,,,,0.0,0.0,,koopmlo01,2002,0,0.0,0.0,0.0,0.0,,
171.0,Pittsburgh Penguins,Robert Goepfert,US,G,19.0,,Cedar Rapids Roughriders (USHL),,0.0,0.0,0.0,0.0,0.0,0.0,,0.0,,,,,,0.0,0.0,,goepfro01,2002,0,0.0,0.0,0.0,0.0,,
172.0,Nashville Predators,Mike McKenna,US,G,19.0,2019.0,St. Lawrence (ECAC),35.0,0.0,0.0,1.0,0.0,1.0,0.0285714285714286,,0.0,0.0,35.0,7.0,17.0,3.0,0.89,3.6,3.5,mckenmi01,2002,0,0.0,0.02857142857142857,0.02857142857142857,0.0,0.37773913043478263,
176.0,Calgary Flames,Curtis McElhinney,CA,G,19.0,2021.0,Colorado College (WCHA),249.0,0.0,0.0,4.0,0.0,4.0,0.0160642570281124,,0.0,4.0,249.0,94.0,95.0,20.0,0.907,2.83,35.2,mcelhcu01,2002,0,0.0,0.01606425702811245,0.01606425702811245,0.0,0.38890966057441256,
186.0,Phoenix Coyotes,Jeff Pietrasiak,US,G,19.0,,Berkshire School (High-MA),,0.0,0.0,0.0,0.0,0.0,0.0,,0.0,,,,,,0.0,0.0,,pietrje01,2002,0,0.0,0.0,0.0,0.0,,
196.0,Florida Panthers,Mikael Vuorio,FI,G,18.0,,Lukko (Finland),,0.0,0.0,0.0,0.0,0.0,0.0,,0.0,,,,,,0.0,0.0,,vuorimi01,2002,0,0.0,0.0,0.0,0.0,,
213.0,Tampa Bay Lightning,Fredrik Norrena,FI,G,28.0,2009.0,TPS (Finland),100.0,0.0,0.0,1.0,0.0,1.0,0.01,,0.0,6.0,100.0,35.0,45.0,11.0,0.899,2.79,12.6,norrefr01,2002,0,0.0,0.01,0.01,0.0,0.38598522427440635,
219.0,Chicago Blackhawks,Tyson Kellerman,CA,G,18.0,,North Bay Centennials (OHL),,0.0,0.0,0.0,0.0,0.0,0.0,,0.0,,,,,,0.0,0.0,,kellety01,2002,0,0.0,0.0,0.0,0.0,,
220.0,New York Islanders,Brad Topping,CA,G,18.0,,Brampton Battalion (OHL),,0.0,0.0,0.0,0.0,0.0,0.0,,0.0,,,,,,0.0,0.0,,toppibr01,2002,0,0.0,0.0,0.0,0.0,,
233.0,Tampa Bay Lightning,Vasily Koshechkin,RU,G,19.0,,Lada Togliatti 2 (Russia-3),,0.0,0.0,0.0,0.0,0.0,0.0,,0.0,,,,,,0.0,0.0,,kosheva01,2002,0,0.0,0.0,0.0,0.0,,
247.0,Vancouver Canucks,Matt Violin,CA,G,20.0,,Lake Superior State (CCHA),,0.0,0.0,0.0,0.0,0.0,0.0,,0.0,,,,,,0.0,0.0,,violima01,2002,0,0.0,0.0,0.0,0.0,,
264.0,Nashville Predators,Matt Davis,CA,G,18.0,,Moncton Wildcats (QMJHL),,0.0,0.0,0.0,0.0,0.0,0.0,,0.0,,,,,,0.0,0.0,,davisma02,2002,0,0.0,0.0,0.0,0.0,,
265.0,Pittsburgh Penguins,Dwight Labrosse,US,G,18.0,,Guelph Storm (OHL),,0.0,0.0,0.0,0.0,0.0,0.0,,0.0,,,,,,0.0,0.0,,labrodw01,2002,0,0.0,0.0,0.0,0.0,,
8.0,Columbus Blue Jackets,Pascal Leclaire,CA,G,18.0,2011.0,Halifax Mooseheads (QMJHL),173.0,0.0,0.0,4.0,,4.0,0.023121387283237,,0.0,8.0,173.0,61.0,76.0,15.0,0.904,2.89,26.4,leclapa01,2001,0,0.0,0.023121387283236993,0.023121387283236993,0.0,0.387306940874036,
10.0,New York Rangers,Dan Blackburn,CA,G,18.0,2003.0,Kootenay Ice (WHL),63.0,0.0,0.0,0.0,,0.0,0.0,,0.0,12.0,63.0,20.0,32.0,4.0,0.894,3.24,8.0,blackda01,2001,0,0.0,0.0,0.0,0.0,0.3811849056603774,
26.0,Dallas Stars,Jason Bacashihua,US,G,18.0,2007.0,Chicago Freeze (NAHL),38.0,0.0,0.0,1.0,,1.0,0.0263157894736842,,0.0,2.0,38.0,7.0,17.0,4.0,0.897,3.19,5.3,bacasja01,2001,0,0.0,0.02631578947368421,0.02631578947368421,0.0,0.38266634844868735,
29.0,Chicago Blackhawks,Adam Munro,CA,G,18.0,2006.0,Erie Otters (OHL),17.0,0.0,0.0,1.0,,1.0,0.0588235294117647,,0.0,2.0,17.0,4.0,10.0,3.0,0.887,3.3,1.8,munroad01,2001,0,0.0,0.058823529411764705,0.058823529411764705,0.0,0.3213474418604651,
56.0,Calgary Flames,Andrei Medvedev,RU,G,18.0,,Spartak Moskva (Russia-2),,0.0,0.0,0.0,,0.0,0.0,,0.0,,,,,,0.0,0.0,,medvean01,2001,0,0.0,0.0,0.0,0.0,,
63.0,Colorado Avalanche,Peter Budaj,SK,G,18.0,2019.0,Toronto St. Michael's Majors (OHL),368.0,0.0,0.0,11.0,,11.0,0.0298913043478261,,0.0,20.0,368.0,158.0,132.0,40.0,0.904,2.7,50.6,budajpe01,2001,0,0.0,0.029891304347826088,0.029891304347826088,0.0,0.38862702702702706,
73.0,Chicago Blackhawks,Craig Anderson,US,G,20.0,2023.0,Guelph Storm (OHL),709.0,0.0,0.0,20.0,,20.0,0.0282087447108604,,0.0,56.0,709.0,319.0,275.0,73.0,0.912,2.86,130.6,andercr01,2001,0,0.0,0.028208744710860368,0.028208744710860368,0.0,0.39070673575129533,
80.0,Atlanta Thrashers,Michael Garnett,CA,G,18.0,2006.0,Saskatoon Blades (WHL),24.0,0.0,0.0,2.0,,2.0,0.0833333333333333,,0.0,0.0,24.0,10.0,7.0,4.0,0.885,3.44,2.7,garnemi01,2001,0,0.0,0.08333333333333333,0.08333333333333333,0.0,0.37652252252252255,
89.0,St. Louis Blues,Tuomas Nissinen,FI,G,18.0,,KalPa Jr. (Finland Jr.),,0.0,0.0,0.0,,0.0,0.0,,0.0,,,,,,0.0,0.0,,nissitu01,2001,0,0.0,0.0,0.0,0.0,,
99.0,Ottawa Senators,Ray Emery,CA,G,18.0,2015.0,Soo Greyhounds (OHL),287.0,0.0,0.0,4.0,,4.0,0.0139372822299652,,0.0,79.0,287.0,145.0,86.0,28.0,0.906,2.7,42.3,emeryra01,2001,0,0.0,0.013937282229965157,0.013937282229965157,0.0,0.3894270270270271,
107.0,San Jose Sharks,Dimitri Patzold,KZ,G,18.0,2008.0,Erding Jets (Germany-2),3.0,0.0,0.0,0.0,,0.0,0.0,,0.0,0.0,3.0,0.0,0.0,0.0,0.8,5.51,-0.1,patzodi01,2001,0,0.0,0.0,0.0,0.0,0.0503041474654378,
110.0,Carolina Hurricanes,Rob Zepp,CA,G,20.0,2015.0,Plymouth Whalers (OHL),10.0,0.0,0.0,0.0,,0.0,0.0,,0.0,0.0,10.0,5.0,2.0,0.0,0.888,2.89,0.6,zeppro01,2001,0,0.0,0.0,0.0,0.0,0.190453470437018,
111.0,Boston Bruins,Matti Kaltiainen,FI,G,19.0,,Blues Jr. (Finalnd Jr.),,0.0,0.0,0.0,,0.0,0.0,,0.0,,,,,,0.0,0.0,,kaltima01,2001,0,0.0,0.0,0.0,0.0,,
121.0,Detroit Red Wings,Drew MacIntyre,CA,G,18.0,2014.0,Sherbrooke Castors (QMJHL),6.0,0.0,0.0,0.0,,0.0,0.0,,0.0,0.0,6.0,0.0,2.0,0.0,0.912,2.41,0.6,macindr01,2001,0,0.0,0.0,0.0,0.0,0.11823765395894427,
132.0,New York Islanders,Dusan Salficky,CZ,G,29.0,,HC Plzen (Czech),,0.0,0.0,0.0,,0.0,0.0,,0.0,,,,,,0.0,0.0,,salfidu01,2001,0,0.0,0.0,0.0,0.0,,
133.0,Edmonton Oilers,Jussi Markkanen,FI,G,26.0,2007.0,Tappara (Finland),128.0,0.0,0.0,2.0,,2.0,0.015625,,0.0,4.0,128.0,43.0,47.0,15.0,0.901,2.7,16.5,markkju01,2001,0,0.0,0.015625,0.015625,0.0,0.3874270270270271,
136.0,Florida Panthers,Billy Thompson,CA,G,18.0,,Prince George Cougars (WHL),,0.0,0.0,0.0,,0.0,0.0,,0.0,,,,,,0.0,0.0,,thompbi01,2001,0,0.0,0.0,0.0,0.0,,
150.0,Philadelphia Flyers,Bernd Bruckler,AT,G,19.0,,Tri-City Storm (USHL),,0.0,0.0,0.0,,0.0,0.0,,0.0,,,,,,0.0,0.0,,bruckbe01,2001,0,0.0,0.0,0.0,0.0,,
152.0,Los Angeles Kings,Terry Denike,CA,G,20.0,,Weyburn (SJHL),,0.0,0.0,0.0,,0.0,0.0,,0.0,,,,,,0.0,0.0,,denikte01,2001,0,0.0,0.0,0.0,0.0,,
158.0,Philadelphia Flyers,Roman Malek,CZ,G,23.0,,HC Slavia Praha (Czech),,0.0,0.0,0.0,,0.0,0.0,,0.0,,,,,,0.0,0.0,,malekro01,2001,0,0.0,0.0,0.0,0.0,,
161.0,Dallas Stars,Mike Smith,CA,G,19.0,2022.0,Sudbury Wolves (OHL),670.0,1.0,0.00149253731343284,20.0,,21.0,0.0313432835820896,,0.0,152.0,670.0,299.0,263.0,78.0,0.912,2.7,116.9,smithmi01,2001,0,0.0014925373134328358,0.029850746268656716,0.03134328358208955,0.0,0.39182702702702704,
166.0,New York Islanders,Andy Chiodo,CA,G,18.0,2004.0,Toronto St. Michael's Majors (OHL),8.0,0.0,0.0,0.0,,0.0,0.0,,0.0,0.0,8.0,3.0,4.0,1.0,0.892,3.46,1.0,chiodan01,2001,0,0.0,0.0,0.0,0.0,0.15168860986547086,
181.0,Carolina Hurricanes,Daniel Boisclair,CA,G,18.0,,Cape Breton Screaming Eagles (QMJHL),,0.0,0.0,0.0,,0.0,0.0,,0.0,,,,,,0.0,0.0,,boiscda01,2001,0,0.0,0.0,0.0,0.0,,
189.0,Atlanta Thrashers,Pasi Nurminen,FI,G,25.0,2004.0,Jokerit (Finland),125.0,0.0,0.0,5.0,,5.0,0.04,,0.0,39.0,125.0,48.0,54.0,12.0,0.904,2.89,19.1,nurmipa01,2001,0,0.0,0.04,0.04,0.0,0.387306940874036,
195.0,Detroit Red Wings,Nick Pannoni,CA,G,18.0,,Seattle Thunderbirds (WHL),,0.0,0.0,0.0,,0.0,0.0,,0.0,,,,,,0.0,0.0,,pannoni01,2001,0,0.0,0.0,0.0,0.0,,
209.0,Boston Bruins,Jordan Sigalet,CA,G,20.0,2006.0,Victoria (BCHL),1.0,0.0,0.0,0.0,0.0,0.0,0.0,,0.0,0.0,1.0,0.0,0.0,0.0,0.0,0.0,0.0,sigaljo01,2001,0,0.0,0.0,0.0,0.0,0.005000000000000001,
210.0,Phoenix Coyotes,Steve Belanger,US,G,18.0,,Kamloops Blazers (WHL),,0.0,0.0,0.0,0.000273959924105697,0.0,0.0,,0.0,,,,,,0.0,0.0,,belanst01,2001,0,0.0,0.0,0.0,0.0,,
213.0,Toronto Maple Leafs,Jan Chovan,SK,G,18.0,,Belleville Bulls (OHL),,0.0,0.0,0.0,4.47680559433767e-05,0.0,0.0,,0.0,,,,,,0.0,0.0,,chovaja01,2001,0,0.0,0.0,0.0,0.0,,
214.0,Los Angeles Kings,Cristobal Huet,FR,G,26.0,2010.0,HC Lugano (Swiss),272.0,0.0,0.0,3.0,0.00024368894646546,3.0,0.0110294117647059,,0.0,10.0,272.0,129.0,90.0,32.0,0.913,2.46,48.2,huetcr01,2001,0,0.0,0.011029411764705883,0.011029411764705883,0.0,0.39410173410404625,
217.0,Pittsburgh Penguins,Tomas Duba,CZ,G,20.0,,HC Sparta Praha Jr. (Czech Jr.),,0.0,0.0,0.0,0.000296618059755356,0.0,0.0,,0.0,,,,,,0.0,0.0,,dubato01,2001,0,0.0,0.0,0.0,0.0,,
232.0,Anaheim Ducks,Martin Gerber,CH,G,27.0,2011.0,SC Langnau (Swiss),229.0,0.0,0.0,7.0,0.0,7.0,0.0305676855895197,,0.0,30.0,229.0,113.0,78.0,21.0,0.911,2.63,41.7,gerbema01,2001,0,0.0,0.03056768558951965,0.03056768558951965,0.0,0.39194820936639124,
250.0,Pittsburgh Penguins,Brandon Crawford-West,US,G,19.0,,Texas Tornado (NAHL),,0.0,0.0,0.0,0.000358171425229887,0.0,0.0,,0.0,,,,,,0.0,0.0,,crawfbr01,2001,0,0.0,0.0,0.0,0.0,,
275.0,Washington Capitals,Robert Muller,DE,G,21.0,,Adler Mannheim (Germany),,0.0,0.0,0.0,0.0,0.0,0.0,,0.0,,,,,,0.0,0.0,,mullero01,2001,0,0.0,0.0,0.0,0.0,,
277.0,Los Angeles Kings,Sebastien Laplante,CA,G,20.0,,Rayside-Balfour (NOJHL),,0.0,0.0,0.0,0.0,0.0,0.0,,0.0,,,,,,0.0,0.0,,laplase01,2001,0,0.0,0.0,0.0,0.0,,
1.0,New York Islanders,Rick DiPietro,US,G,18.0,2013.0,Boston University (H-East),318.0,0.0,0.0,19.0,0.0,19.0,0.059748427672956,,0.0,129.0,,130.0,136.0,36.0,0.902,2.87,49.3,dipieri01,2000,0,0.0,0.059748427672955975,0.059748427672955975,0.0,0.38663979328165377,
9.0,Calgary Flames,Brent Krahn,CA,G,18.0,2009.0,Calgary Hitmen (WHL),1.0,0.0,0.0,0.0,0.0,0.0,0.0,,0.0,0.0,,0.0,0.0,0.0,0.667,9.0,-0.2,krahnbr01,2000,0,0.0,0.0,0.0,0.0,0.013840000000000003,
44.0,Anaheim Ducks,Ilya Bryzgalov,RU,G,20.0,2015.0,Lada Togliatti (Russia),465.0,0.0,0.0,12.0,0.0,12.0,0.0258064516129032,,0.0,20.0,,221.0,162.0,54.0,0.912,2.58,81.3,bryzgil01,2000,0,0.0,0.025806451612903226,0.025806451612903226,0.0,0.3927329608938548,
45.0,Ottawa Senators,Mathieu Chouinard,CA,G,20.0,2004.0,Shawinigan Cataractes (QMJHL),1.0,0.0,0.0,0.0,0.0,0.0,0.0,,0.0,0.0,,0.0,0.0,0.0,1.0,0.0,0.0,chouima02,2000,0,0.0,0.0,0.0,0.0,0.025,
60.0,Dallas Stars,Dan Ellis,CA,G,20.0,2015.0,Omaha Lancers (USHL),212.0,0.0,0.0,6.0,0.0,6.0,0.0283018867924528,,0.0,6.0,,87.0,79.0,18.0,0.906,2.79,30.1,ellisda01,2000,0,0.0,0.02830188679245283,0.02830188679245283,0.0,0.38878522427440637,
70.0,Toronto Maple Leafs,Mikael Tellqvist,SE,G,20.0,2009.0,Djurgardens IF (Sweden),113.0,0.0,0.0,2.0,0.0,2.0,0.0176991150442478,,0.0,2.0,,45.0,41.0,10.0,0.898,3.01,15.3,tellqmi01,2000,0,0.0,0.017699115044247787,0.017699115044247787,0.0,0.38413765586034915,
84.0,Pittsburgh Penguins,Peter Hamerlik,SK,G,18.0,,HK 36 Skalica (Slovakia),,0.0,0.0,0.0,0.0,0.0,0.0,,0.0,,,,,,0.0,0.0,,hamerpe01,2000,0,0.0,0.0,0.0,0.0,,
90.0,Toronto Maple Leafs,Jean-Francois Racine,CA,G,,,Drummondville Voltigeurs (QMJHL),,0.0,0.0,0.0,0.0,0.0,0.0,,0.0,,,,,,0.0,0.0,,-9999,2000,0,0.0,0.0,0.0,0.0,,
102.0,Detroit Red Wings,Stefan Liv,SE,G,,,HV71 (Sweden),,0.0,0.0,0.0,0.0,0.0,0.0,,0.0,,,,,,0.0,0.0,,-9999,2000,0,0.0,0.0,0.0,0.0,,
111.0,Buffalo Sabres,Ghyslain Rousseau,CA,G,,,Baie-Comeau Drakkar (QMJHL),,0.0,0.0,0.0,0.0,0.0,0.0,,0.0,,,,,,0.0,0.0,,-9999,2000,0,0.0,0.0,0.0,0.0,,
116.0,Calgary Flames,Levente Szuper,HU,G,,,Ottawa 67's (OHL),,0.0,0.0,0.0,0.0,0.0,0.0,,0.0,,,,,,0.0,0.0,,-9999,2000,0,0.0,0.0,0.0,0.0,,
120.0,Florida Panthers,Davis Parley,CA,G,,,Kamloops Blazers (WHL),,0.0,0.0,0.0,0.0,0.0,0.0,,0.0,,,,,,0.0,0.0,,-9999,2000,0,0.0,0.0,0.0,0.0,,
143.0,New York Rangers,Brandon Snee,US,G,,,Union (ECAC),,0.0,0.0,0.0,0.0,0.0,0.0,,0.0,,,,,,0.0,0.0,,-9999,2000,0,0.0,0.0,0.0,0.0,,
164.0,New Jersey Devils,Matus Kostur,SK,G,,,HKM Zvolen (Slovakia),,0.0,0.0,0.0,0.0,0.0,0.0,,0.0,,,,,,0.0,0.0,,-9999,2000,0,0.0,0.0,0.0,0.0,,
165.0,Los Angeles Kings,Nathan Marsters,CA,G,,,Chilliwack (BCHL),,0.0,0.0,0.0,0.0,0.0,0.0,,0.0,,,,,,0.0,0.0,,-9999,2000,0,0.0,0.0,0.0,0.0,,
166.0,San Jose Sharks,Nolan Schaefer,CA,G,20.0,2006.0,Providence (H-East),7.0,0.0,0.0,0.0,0.0,0.0,0.0,,0.0,2.0,,5.0,1.0,0.0,0.92,1.88,1.1,schaeno01,2000,0,0.0,0.0,0.0,0.0,0.1409527777777778,
168.0,Atlanta Thrashers,Zdenek Smid,CZ,G,,,HC Karlovy Vary (Czech),,0.0,0.0,0.0,0.0,0.0,0.0,,0.0,,,,,,0.0,0.0,,-9999,2000,0,0.0,0.0,0.0,0.0,,
169.0,Columbus Blue Jackets,Shane Bendera,CA,G,,,Red Deer Rebels (WHL),,0.0,0.0,0.0,0.0,0.0,0.0,,0.0,,,,,,0.0,0.0,,-9999,2000,0,0.0,0.0,0.0,0.0,,
171.0,Philadelphia Flyers,Roman Cechmanek,CZ,G,29.0,2004.0,HC Vsetin (Czech),212.0,0.0,0.0,1.0,0.0,1.0,0.00471698113207547,,0.0,24.0,,110.0,64.0,28.0,0.919,2.08,38.1,cechmro01,2000,0,0.0,0.0047169811320754715,0.0047169811320754715,0.0,0.4000675324675325,
177.0,Chicago Blackhawks,Michael Ayers,US,G,,,Dubuque Fighting Saints (USHL),,0.0,0.0,0.0,0.0,0.0,0.0,,0.0,,,,,,0.0,0.0,,-9999,2000,0,0.0,0.0,0.0,0.0,,
203.0,Nashville Predators,Jure Penko,SI,G,,,Green Bay Gamblers (USHL),,0.0,0.0,0.0,0.0,0.0,0.0,,0.0,,,,,,0.0,0.0,,-9999,2000,0,0.0,0.0,0.0,0.0,,
205.0,New York Rangers,Henrik Lundqvist,SE,G,18.0,2020.0,Vastra Frolunda HC Jr. (Sweden Jr.),887.0,0.0,0.0,27.0,0.0,27.0,0.0304396843291995,,0.0,18.0,,459.0,310.0,96.0,0.918,2.43,173.3,lundqhe01,2000,0,0.0,0.030439684329199548,0.030439684329199548,0.0,0.39635451895043733,
221.0,Colorado Avalanche,Aaron Molnar,CA,G,,,London Knights (OHL),,0.0,0.0,0.0,0.0,0.0,0.0,,0.0,,,,,,0.0,0.0,,-9999,2000,0,0.0,0.0,0.0,0.0,,
226.0,Tampa Bay Lightning,Brian Eklund,US,G,20.0,2006.0,Brown (ECAC),1.0,0.0,0.0,0.0,0.0,0.0,0.0,,0.0,0.0,,0.0,1.0,0.0,0.842,3.09,0.0,eklunbr01,2000,0,0.0,0.0,0.0,0.0,0.018062493887530562,
233.0,Tampa Bay Lightning,Alexander Polukeyev,RU,G,,,SKA St. Petersburg 2 (Russia-3),,0.0,0.0,0.0,0.0,0.0,0.0,,0.0,,,,,,0.0,0.0,,-9999,2000,0,0.0,0.0,0.0,0.0,,
235.0,Carolina Hurricanes,Craig Kowalski,US,G,,,Compuware Ambassadors (NAHL),,0.0,0.0,0.0,0.0,0.0,0.0,,0.0,,,,,,0.0,0.0,,-9999,2000,0,0.0,0.0,0.0,0.0,,
240.0,Chicago Blackhawks,Adam Berkhoel,US,G,19.0,2006.0,Twin City Vulcans (USHL),9.0,0.0,0.0,0.0,0.0,0.0,0.0,,0.0,0.0,,2.0,4.0,1.0,0.882,3.8,1.0,berkhad01,2000,0,0.0,0.0,0.0,0.0,0.168135,
243.0,Montreal Canadiens,Joni Puurula,FI,G,,,Hermes (Finland-2),,0.0,0.0,0.0,0.0,0.0,0.0,,0.0,,,,,,0.0,0.0,,-9999,2000,0,0.0,0.0,0.0,0.0,,
261.0,St. Louis Blues,Reinhard Divis,AT,G,25.0,2006.0,Leksands IF (Sweden),28.0,0.0,0.0,0.0,0.0,0.0,0.0,,0.0,2.0,,6.0,9.0,3.0,0.88,3.32,1.8,divisre01,2000,0,0.0,0.0,0.0,0.0,0.3751481481481482,
280.0,Pittsburgh Penguins,Nick Boucher,CA,G,,,Dartmouth (ECAC),,0.0,0.0,0.0,0.0,0.0,0.0,,0.0,,,,,,0.0,0.0,,-9999,2000,0,0.0,0.0,0.0,0.0,,
282.0,Los Angeles Kings,Carl Grahn,FI,G,,,KalPa Jr. (Finland Jr.),,0.0,0.0,0.0,0.0,0.0,0.0,,0.0,,,,,,0.0,0.0,,-9999,2000,0,0.0,0.0,0.0,0.0,,
285.0,Colorado Avalanche,Blake Ward,CA,G,,,Tri-City Americans (WHL),,0.0,0.0,0.0,0.0,0.0,0.0,,0.0,,,,,,0.0,0.0,,-9999,2000,0,0.0,0.0,0.0,0.0,,
